[shape] 7B execution shape matches L66495
[pair] 7B pretrain_100000->pretrain_200000 rel=0.6413 centroid=0.48091993917719184 lag1=None ident=0/327 1715s
[pair] 7B pretrain_200000->pretrain_300000 rel=0.5544 centroid=0.47341106156990725 lag1=-0.0283337589353323 ident=0/327 2611s
[pair] 7B pretrain_300000->pretrain_400000 rel=0.5157 centroid=0.46814049416638515 lag1=-0.06204833462834358 ident=0/327 3506s
[pair] 7B pretrain_400000->pretrain_500000 rel=0.4935 centroid=0.4637482798286437 lag1=-0.10173796862363815 ident=0/327 4393s
[pair] 7B pretrain_500000->pretrain_600000 rel=0.48 centroid=0.4607328918945824 lag1=-0.1365262120962143 ident=0/327 5292s
[pair] 7B pretrain_600000->pretrain_700000 rel=0.4703 centroid=0.45851135100054435 lag1=-0.1682208925485611 ident=0/327 6208s
[pair] 7B pretrain_700000->pretrain_800000 rel=0.4629 centroid=0.45599000769317016 lag1=-0.19409014284610748 ident=0/327 7086s
[pair] 7B pretrain_800000->pretrain_900000 rel=0.4563 centroid=0.4546201570065732 lag1=-0.21626189351081848 ident=0/327 7968s
[pair] 7B pretrain_900000->pretrain_1000000 rel=0.4515 centroid=0.45322316146381614 lag1=-0.2379220873117447 ident=0/327 8864s
[pair] 7B pretrain_1000000->pretrain_1100000 rel=0.4478 centroid=0.45163696642580076 lag1=-0.2562239170074463 ident=0/327 9707s
[pair] 7B pretrain_100000->pretrain_1100000 rel=1.181 centroid=0.4905422805243993 11442s
python(58690) MallocStackLogging: can't turn off malloc stack logging because it was not enabled.
[ERROR] `cache_position` is part of K2HorizonModel.forward's signature, but not documented. Make sure to add it to the docstring of the function in /Users/artin/.cache/huggingface/modules/transformers_modules/pretrain_1100000/61ad561839604e4f/modeling_k2_horizon.py.
[ERROR] `cache_position` is part of K2HorizonForCausalLM.forward's signature, but not documented. Make sure to add it to the docstring of the function in /Users/artin/.cache/huggingface/modules/transformers_modules/pretrain_1100000/61ad561839604e4f/modeling_k2_horizon.py.
Loading weights:   0%|          | 0/327 [00:00<?, ?it/s]Loading weights: 100%|██████████| 327/327 [00:00<00:00, 6117.28it/s]
[transformers] The remote code model you are currently using seems to expect `cache_position`. This arg has been removed from the Transformers library, and will stop being created in `generate` even for remote code models in a future release. Please open a PR on the remote code hub repo to remove any usage of `cache_position`.
python(58716) MallocStackLogging: can't turn off malloc stack logging because it was not enabled.
python(58717) MallocStackLogging: can't turn off malloc stack logging because it was not enabled.
python(58718) MallocStackLogging: can't turn off malloc stack logging because it was not enabled.
python(58719) MallocStackLogging: can't turn off malloc stack logging because it was not enabled.
python(58720) MallocStackLogging: can't turn off malloc stack logging because it was not enabled.
python(58721) MallocStackLogging: can't turn off malloc stack logging because it was not enabled.
python(58722) MallocStackLogging: can't turn off malloc stack logging because it was not enabled.
python(58723) MallocStackLogging: can't turn off malloc stack logging because it was not enabled.
python(58724) MallocStackLogging: can't turn off malloc stack logging because it was not enabled.
python(58725) MallocStackLogging: can't turn off malloc stack logging because it was not enabled.
python(58726) MallocStackLogging: can't turn off malloc stack logging because it was not enabled.
python(58727) MallocStackLogging: can't turn off malloc stack logging because it was not enabled.
python(58728) MallocStackLogging: can't turn off malloc stack logging because it was not enabled.
python(58729) MallocStackLogging: can't turn off malloc stack logging because it was not enabled.
python(58730) MallocStackLogging: can't turn off malloc stack logging because it was not enabled.
python(58731) MallocStackLogging: can't turn off malloc stack logging because it was not enabled.
python(58882) MallocStackLogging: can't turn off malloc stack logging because it was not enabled.
python(58883) MallocStackLogging: can't turn off malloc stack logging because it was not enabled.
python(58884) MallocStackLogging: can't turn off malloc stack logging because it was not enabled.
python(58885) MallocStackLogging: can't turn off malloc stack logging because it was not enabled.
python(58886) MallocStackLogging: can't turn off malloc stack logging because it was not enabled.
python(58887) MallocStackLogging: can't turn off malloc stack logging because it was not enabled.
python(58888) MallocStackLogging: can't turn off malloc stack logging because it was not enabled.
python(58889) MallocStackLogging: can't turn off malloc stack logging because it was not enabled.
python(58893) MallocStackLogging: can't turn off malloc stack logging because it was not enabled.
python(58894) MallocStackLogging: can't turn off malloc stack logging because it was not enabled.
python(58895) MallocStackLogging: can't turn off malloc stack logging because it was not enabled.
python(58896) MallocStackLogging: can't turn off malloc stack logging because it was not enabled.
python(58897) MallocStackLogging: can't turn off malloc stack logging because it was not enabled.
python(58898) MallocStackLogging: can't turn off malloc stack logging because it was not enabled.
python(58899) MallocStackLogging: can't turn off malloc stack logging because it was not enabled.
python(58900) MallocStackLogging: can't turn off malloc stack logging because it was not enabled.
python(58901) MallocStackLogging: can't turn off malloc stack logging because it was not enabled.
python(58902) MallocStackLogging: can't turn off malloc stack logging because it was not enabled.
python(58903) MallocStackLogging: can't turn off malloc stack logging because it was not enabled.
python(58904) MallocStackLogging: can't turn off malloc stack logging because it was not enabled.
python(58905) MallocStackLogging: can't turn off malloc stack logging because it was not enabled.
python(58906) MallocStackLogging: can't turn off malloc stack logging because it was not enabled.
python(58907) MallocStackLogging: can't turn off malloc stack logging because it was not enabled.
python(58908) MallocStackLogging: can't turn off malloc stack logging because it was not enabled.
[gate] 7B pretrain_1100000 released seed 0 T1 26/40 {'poly_diff': 20, 'expand2': 6}
python(58928) MallocStackLogging: can't turn off malloc stack logging because it was not enabled.
python(58929) MallocStackLogging: can't turn off malloc stack logging because it was not enabled.
python(58930) MallocStackLogging: can't turn off malloc stack logging because it was not enabled.
python(58931) MallocStackLogging: can't turn off malloc stack logging because it was not enabled.
python(58932) MallocStackLogging: can't turn off malloc stack logging because it was not enabled.
python(58933) MallocStackLogging: can't turn off malloc stack logging because it was not enabled.
python(58934) MallocStackLogging: can't turn off malloc stack logging because it was not enabled.
python(58935) MallocStackLogging: can't turn off malloc stack logging because it was not enabled.
python(58948) MallocStackLogging: can't turn off malloc stack logging because it was not enabled.
python(58949) MallocStackLogging: can't turn off malloc stack logging because it was not enabled.
python(58950) MallocStackLogging: can't turn off malloc stack logging because it was not enabled.
python(58951) MallocStackLogging: can't turn off malloc stack logging because it was not enabled.
python(58952) MallocStackLogging: can't turn off malloc stack logging because it was not enabled.
python(58953) MallocStackLogging: can't turn off malloc stack logging because it was not enabled.
python(58954) MallocStackLogging: can't turn off malloc stack logging because it was not enabled.
python(58955) MallocStackLogging: can't turn off malloc stack logging because it was not enabled.
python(58957) MallocStackLogging: can't turn off malloc stack logging because it was not enabled.
python(58958) MallocStackLogging: can't turn off malloc stack logging because it was not enabled.
python(58959) MallocStackLogging: can't turn off malloc stack logging because it was not enabled.
python(58960) MallocStackLogging: can't turn off malloc stack logging because it was not enabled.
python(58961) MallocStackLogging: can't turn off malloc stack logging because it was not enabled.
python(58962) MallocStackLogging: can't turn off malloc stack logging because it was not enabled.
python(58963) MallocStackLogging: can't turn off malloc stack logging because it was not enabled.
python(58964) MallocStackLogging: can't turn off malloc stack logging because it was not enabled.
python(58965) MallocStackLogging: can't turn off malloc stack logging because it was not enabled.
python(58966) MallocStackLogging: can't turn off malloc stack logging because it was not enabled.
python(58967) MallocStackLogging: can't turn off malloc stack logging because it was not enabled.
python(58968) MallocStackLogging: can't turn off malloc stack logging because it was not enabled.
python(58969) MallocStackLogging: can't turn off malloc stack logging because it was not enabled.
python(58970) MallocStackLogging: can't turn off malloc stack logging because it was not enabled.
python(58971) MallocStackLogging: can't turn off malloc stack logging because it was not enabled.
python(58972) MallocStackLogging: can't turn off malloc stack logging because it was not enabled.
python(58988) MallocStackLogging: can't turn off malloc stack logging because it was not enabled.
python(58989) MallocStackLogging: can't turn off malloc stack logging because it was not enabled.
python(58990) MallocStackLogging: can't turn off malloc stack logging because it was not enabled.
python(58991) MallocStackLogging: can't turn off malloc stack logging because it was not enabled.
python(58992) MallocStackLogging: can't turn off malloc stack logging because it was not enabled.
python(58993) MallocStackLogging: can't turn off malloc stack logging because it was not enabled.
python(58994) MallocStackLogging: can't turn off malloc stack logging because it was not enabled.
python(58995) MallocStackLogging: can't turn off malloc stack logging because it was not enabled.
[gate] 7B pretrain_1100000 released seed 0 T2 25/40 {'prod_diff': 5, 'poly_int': 20}
python(58997) MallocStackLogging: can't turn off malloc stack logging because it was not enabled.
python(58998) MallocStackLogging: can't turn off malloc stack logging because it was not enabled.
python(58999) MallocStackLogging: can't turn off malloc stack logging because it was not enabled.
python(59000) MallocStackLogging: can't turn off malloc stack logging because it was not enabled.
python(59001) MallocStackLogging: can't turn off malloc stack logging because it was not enabled.
python(59002) MallocStackLogging: can't turn off malloc stack logging because it was not enabled.
python(59003) MallocStackLogging: can't turn off malloc stack logging because it was not enabled.
python(59004) MallocStackLogging: can't turn off malloc stack logging because it was not enabled.
python(59026) MallocStackLogging: can't turn off malloc stack logging because it was not enabled.
python(59027) MallocStackLogging: can't turn off malloc stack logging because it was not enabled.
python(59028) MallocStackLogging: can't turn off malloc stack logging because it was not enabled.
python(59029) MallocStackLogging: can't turn off malloc stack logging because it was not enabled.
python(59030) MallocStackLogging: can't turn off malloc stack logging because it was not enabled.
python(59031) MallocStackLogging: can't turn off malloc stack logging because it was not enabled.
python(59032) MallocStackLogging: can't turn off malloc stack logging because it was not enabled.
python(59033) MallocStackLogging: can't turn off malloc stack logging because it was not enabled.
python(59048) MallocStackLogging: can't turn off malloc stack logging because it was not enabled.
python(59049) MallocStackLogging: can't turn off malloc stack logging because it was not enabled.
python(59050) MallocStackLogging: can't turn off malloc stack logging because it was not enabled.
python(59051) MallocStackLogging: can't turn off malloc stack logging because it was not enabled.
python(59052) MallocStackLogging: can't turn off malloc stack logging because it was not enabled.
python(59053) MallocStackLogging: can't turn off malloc stack logging because it was not enabled.
python(59054) MallocStackLogging: can't turn off malloc stack logging because it was not enabled.
python(59055) MallocStackLogging: can't turn off malloc stack logging because it was not enabled.
python(59058) MallocStackLogging: can't turn off malloc stack logging because it was not enabled.
python(59059) MallocStackLogging: can't turn off malloc stack logging because it was not enabled.
python(59060) MallocStackLogging: can't turn off malloc stack logging because it was not enabled.
python(59061) MallocStackLogging: can't turn off malloc stack logging because it was not enabled.
python(59062) MallocStackLogging: can't turn off malloc stack logging because it was not enabled.
python(59063) MallocStackLogging: can't turn off malloc stack logging because it was not enabled.
python(59064) MallocStackLogging: can't turn off malloc stack logging because it was not enabled.
python(59065) MallocStackLogging: can't turn off malloc stack logging because it was not enabled.
python(59067) MallocStackLogging: can't turn off malloc stack logging because it was not enabled.
python(59068) MallocStackLogging: can't turn off malloc stack logging because it was not enabled.
python(59069) MallocStackLogging: can't turn off malloc stack logging because it was not enabled.
python(59070) MallocStackLogging: can't turn off malloc stack logging because it was not enabled.
python(59071) MallocStackLogging: can't turn off malloc stack logging because it was not enabled.
python(59072) MallocStackLogging: can't turn off malloc stack logging because it was not enabled.
python(59073) MallocStackLogging: can't turn off malloc stack logging because it was not enabled.
python(59074) MallocStackLogging: can't turn off malloc stack logging because it was not enabled.
[gate] 7B pretrain_1100000 released seed 0 T4 14/40 {'second_diff': 1, 'xexp_int': 13}
python(59075) MallocStackLogging: can't turn off malloc stack logging because it was not enabled.
python(59076) MallocStackLogging: can't turn off malloc stack logging because it was not enabled.
python(59077) MallocStackLogging: can't turn off malloc stack logging because it was not enabled.
python(59078) MallocStackLogging: can't turn off malloc stack logging because it was not enabled.
python(59079) MallocStackLogging: can't turn off malloc stack logging because it was not enabled.
python(59080) MallocStackLogging: can't turn off malloc stack logging because it was not enabled.
python(59081) MallocStackLogging: can't turn off malloc stack logging because it was not enabled.
python(59082) MallocStackLogging: can't turn off malloc stack logging because it was not enabled.
python(59096) MallocStackLogging: can't turn off malloc stack logging because it was not enabled.
python(59097) MallocStackLogging: can't turn off malloc stack logging because it was not enabled.
python(59098) MallocStackLogging: can't turn off malloc stack logging because it was not enabled.
python(59099) MallocStackLogging: can't turn off malloc stack logging because it was not enabled.
python(59100) MallocStackLogging: can't turn off malloc stack logging because it was not enabled.
python(59101) MallocStackLogging: can't turn off malloc stack logging because it was not enabled.
python(59102) MallocStackLogging: can't turn off malloc stack logging because it was not enabled.
python(59103) MallocStackLogging: can't turn off malloc stack logging because it was not enabled.
python(59105) MallocStackLogging: can't turn off malloc stack logging because it was not enabled.
python(59106) MallocStackLogging: can't turn off malloc stack logging because it was not enabled.
python(59107) MallocStackLogging: can't turn off malloc stack logging because it was not enabled.
python(59108) MallocStackLogging: can't turn off malloc stack logging because it was not enabled.
python(59109) MallocStackLogging: can't turn off malloc stack logging because it was not enabled.
python(59110) MallocStackLogging: can't turn off malloc stack logging because it was not enabled.
python(59111) MallocStackLogging: can't turn off malloc stack logging because it was not enabled.
python(59112) MallocStackLogging: can't turn off malloc stack logging because it was not enabled.
python(59113) MallocStackLogging: can't turn off malloc stack logging because it was not enabled.
python(59114) MallocStackLogging: can't turn off malloc stack logging because it was not enabled.
python(59115) MallocStackLogging: can't turn off malloc stack logging because it was not enabled.
python(59116) MallocStackLogging: can't turn off malloc stack logging because it was not enabled.
python(59117) MallocStackLogging: can't turn off malloc stack logging because it was not enabled.
python(59118) MallocStackLogging: can't turn off malloc stack logging because it was not enabled.
python(59119) MallocStackLogging: can't turn off malloc stack logging because it was not enabled.
python(59120) MallocStackLogging: can't turn off malloc stack logging because it was not enabled.
python(59121) MallocStackLogging: can't turn off malloc stack logging because it was not enabled.
python(59122) MallocStackLogging: can't turn off malloc stack logging because it was not enabled.
python(59123) MallocStackLogging: can't turn off malloc stack logging because it was not enabled.
python(59124) MallocStackLogging: can't turn off malloc stack logging because it was not enabled.
python(59125) MallocStackLogging: can't turn off malloc stack logging because it was not enabled.
python(59126) MallocStackLogging: can't turn off malloc stack logging because it was not enabled.
python(59127) MallocStackLogging: can't turn off malloc stack logging because it was not enabled.
python(59128) MallocStackLogging: can't turn off malloc stack logging because it was not enabled.
[gate] 7B pretrain_1100000 released seed 1 T1 27/40 {'poly_diff': 20, 'expand2': 7}
python(59129) MallocStackLogging: can't turn off malloc stack logging because it was not enabled.
python(59130) MallocStackLogging: can't turn off malloc stack logging because it was not enabled.
python(59131) MallocStackLogging: can't turn off malloc stack logging because it was not enabled.
python(59132) MallocStackLogging: can't turn off malloc stack logging because it was not enabled.
python(59133) MallocStackLogging: can't turn off malloc stack logging because it was not enabled.
python(59134) MallocStackLogging: can't turn off malloc stack logging because it was not enabled.
python(59135) MallocStackLogging: can't turn off malloc stack logging because it was not enabled.
python(59136) MallocStackLogging: can't turn off malloc stack logging because it was not enabled.
python(59149) MallocStackLogging: can't turn off malloc stack logging because it was not enabled.
python(59150) MallocStackLogging: can't turn off malloc stack logging because it was not enabled.
python(59151) MallocStackLogging: can't turn off malloc stack logging because it was not enabled.
python(59152) MallocStackLogging: can't turn off malloc stack logging because it was not enabled.
python(59153) MallocStackLogging: can't turn off malloc stack logging because it was not enabled.
python(59154) MallocStackLogging: can't turn off malloc stack logging because it was not enabled.
python(59155) MallocStackLogging: can't turn off malloc stack logging because it was not enabled.
python(59156) MallocStackLogging: can't turn off malloc stack logging because it was not enabled.
python(59158) MallocStackLogging: can't turn off malloc stack logging because it was not enabled.
python(59159) MallocStackLogging: can't turn off malloc stack logging because it was not enabled.
python(59160) MallocStackLogging: can't turn off malloc stack logging because it was not enabled.
python(59161) MallocStackLogging: can't turn off malloc stack logging because it was not enabled.
python(59162) MallocStackLogging: can't turn off malloc stack logging because it was not enabled.
python(59163) MallocStackLogging: can't turn off malloc stack logging because it was not enabled.
python(59164) MallocStackLogging: can't turn off malloc stack logging because it was not enabled.
python(59165) MallocStackLogging: can't turn off malloc stack logging because it was not enabled.
python(59188) MallocStackLogging: can't turn off malloc stack logging because it was not enabled.
python(59189) MallocStackLogging: can't turn off malloc stack logging because it was not enabled.
python(59190) MallocStackLogging: can't turn off malloc stack logging because it was not enabled.
python(59191) MallocStackLogging: can't turn off malloc stack logging because it was not enabled.
python(59192) MallocStackLogging: can't turn off malloc stack logging because it was not enabled.
python(59193) MallocStackLogging: can't turn off malloc stack logging because it was not enabled.
python(59194) MallocStackLogging: can't turn off malloc stack logging because it was not enabled.
python(59195) MallocStackLogging: can't turn off malloc stack logging because it was not enabled.
python(59206) MallocStackLogging: can't turn off malloc stack logging because it was not enabled.
python(59207) MallocStackLogging: can't turn off malloc stack logging because it was not enabled.
python(59208) MallocStackLogging: can't turn off malloc stack logging because it was not enabled.
python(59209) MallocStackLogging: can't turn off malloc stack logging because it was not enabled.
python(59210) MallocStackLogging: can't turn off malloc stack logging because it was not enabled.
python(59211) MallocStackLogging: can't turn off malloc stack logging because it was not enabled.
python(59212) MallocStackLogging: can't turn off malloc stack logging because it was not enabled.
python(59213) MallocStackLogging: can't turn off malloc stack logging because it was not enabled.
[gate] 7B pretrain_1100000 released seed 1 T2 31/40 {'prod_diff': 11, 'poly_int': 20}
python(59239) MallocStackLogging: can't turn off malloc stack logging because it was not enabled.
python(59240) MallocStackLogging: can't turn off malloc stack logging because it was not enabled.
python(59241) MallocStackLogging: can't turn off malloc stack logging because it was not enabled.
python(59242) MallocStackLogging: can't turn off malloc stack logging because it was not enabled.
python(59243) MallocStackLogging: can't turn off malloc stack logging because it was not enabled.
python(59244) MallocStackLogging: can't turn off malloc stack logging because it was not enabled.
python(59245) MallocStackLogging: can't turn off malloc stack logging because it was not enabled.
python(59246) MallocStackLogging: can't turn off malloc stack logging because it was not enabled.
python(59250) MallocStackLogging: can't turn off malloc stack logging because it was not enabled.
python(59251) MallocStackLogging: can't turn off malloc stack logging because it was not enabled.
python(59252) MallocStackLogging: can't turn off malloc stack logging because it was not enabled.
python(59253) MallocStackLogging: can't turn off malloc stack logging because it was not enabled.
python(59254) MallocStackLogging: can't turn off malloc stack logging because it was not enabled.
python(59255) MallocStackLogging: can't turn off malloc stack logging because it was not enabled.
python(59256) MallocStackLogging: can't turn off malloc stack logging because it was not enabled.
python(59257) MallocStackLogging: can't turn off malloc stack logging because it was not enabled.
python(59258) MallocStackLogging: can't turn off malloc stack logging because it was not enabled.
python(59259) MallocStackLogging: can't turn off malloc stack logging because it was not enabled.
python(59260) MallocStackLogging: can't turn off malloc stack logging because it was not enabled.
python(59261) MallocStackLogging: can't turn off malloc stack logging because it was not enabled.
python(59262) MallocStackLogging: can't turn off malloc stack logging because it was not enabled.
python(59263) MallocStackLogging: can't turn off malloc stack logging because it was not enabled.
python(59264) MallocStackLogging: can't turn off malloc stack logging because it was not enabled.
python(59265) MallocStackLogging: can't turn off malloc stack logging because it was not enabled.
python(59279) MallocStackLogging: can't turn off malloc stack logging because it was not enabled.
python(59280) MallocStackLogging: can't turn off malloc stack logging because it was not enabled.
python(59281) MallocStackLogging: can't turn off malloc stack logging because it was not enabled.
python(59282) MallocStackLogging: can't turn off malloc stack logging because it was not enabled.
python(59283) MallocStackLogging: can't turn off malloc stack logging because it was not enabled.
python(59284) MallocStackLogging: can't turn off malloc stack logging because it was not enabled.
python(59285) MallocStackLogging: can't turn off malloc stack logging because it was not enabled.
python(59286) MallocStackLogging: can't turn off malloc stack logging because it was not enabled.
python(59287) MallocStackLogging: can't turn off malloc stack logging because it was not enabled.
python(59288) MallocStackLogging: can't turn off malloc stack logging because it was not enabled.
python(59289) MallocStackLogging: can't turn off malloc stack logging because it was not enabled.
python(59290) MallocStackLogging: can't turn off malloc stack logging because it was not enabled.
python(59291) MallocStackLogging: can't turn off malloc stack logging because it was not enabled.
python(59292) MallocStackLogging: can't turn off malloc stack logging because it was not enabled.
python(59293) MallocStackLogging: can't turn off malloc stack logging because it was not enabled.
python(59294) MallocStackLogging: can't turn off malloc stack logging because it was not enabled.
[gate] 7B pretrain_1100000 released seed 1 T4 17/40 {'second_diff': 0, 'xexp_int': 17}
[pair] 7B pretrain_1100000->mid_1_final rel=0.4152 centroid=0.4967175549971448 lag1=None ident=0/327 13612s
[ERROR] `cache_position` is part of K2HorizonModel.forward's signature, but not documented. Make sure to add it to the docstring of the function in /Users/artin/.cache/huggingface/modules/transformers_modules/mid_1_final/61ad561839604e4f/modeling_k2_horizon.py.
[ERROR] `cache_position` is part of K2HorizonForCausalLM.forward's signature, but not documented. Make sure to add it to the docstring of the function in /Users/artin/.cache/huggingface/modules/transformers_modules/mid_1_final/61ad561839604e4f/modeling_k2_horizon.py.
Loading weights:   0%|          | 0/327 [00:00<?, ?it/s]Loading weights: 100%|██████████| 327/327 [00:00<00:00, 3976.31it/s]
python(60052) MallocStackLogging: can't turn off malloc stack logging because it was not enabled.
python(60054) MallocStackLogging: can't turn off malloc stack logging because it was not enabled.
python(60058) MallocStackLogging: can't turn off malloc stack logging because it was not enabled.
python(60066) MallocStackLogging: can't turn off malloc stack logging because it was not enabled.
python(60071) MallocStackLogging: can't turn off malloc stack logging because it was not enabled.
python(60076) MallocStackLogging: can't turn off malloc stack logging because it was not enabled.
python(60082) MallocStackLogging: can't turn off malloc stack logging because it was not enabled.
python(60087) MallocStackLogging: can't turn off malloc stack logging because it was not enabled.
python(60201) MallocStackLogging: can't turn off malloc stack logging because it was not enabled.
python(60202) MallocStackLogging: can't turn off malloc stack logging because it was not enabled.
python(60203) MallocStackLogging: can't turn off malloc stack logging because it was not enabled.
python(60204) MallocStackLogging: can't turn off malloc stack logging because it was not enabled.
python(60205) MallocStackLogging: can't turn off malloc stack logging because it was not enabled.
python(60206) MallocStackLogging: can't turn off malloc stack logging because it was not enabled.
python(60207) MallocStackLogging: can't turn off malloc stack logging because it was not enabled.
python(60208) MallocStackLogging: can't turn off malloc stack logging because it was not enabled.
python(60210) MallocStackLogging: can't turn off malloc stack logging because it was not enabled.
python(60211) MallocStackLogging: can't turn off malloc stack logging because it was not enabled.
python(60212) MallocStackLogging: can't turn off malloc stack logging because it was not enabled.
python(60213) MallocStackLogging: can't turn off malloc stack logging because it was not enabled.
python(60214) MallocStackLogging: can't turn off malloc stack logging because it was not enabled.
python(60215) MallocStackLogging: can't turn off malloc stack logging because it was not enabled.
python(60216) MallocStackLogging: can't turn off malloc stack logging because it was not enabled.
python(60217) MallocStackLogging: can't turn off malloc stack logging because it was not enabled.
python(60221) MallocStackLogging: can't turn off malloc stack logging because it was not enabled.
python(60222) MallocStackLogging: can't turn off malloc stack logging because it was not enabled.
python(60223) MallocStackLogging: can't turn off malloc stack logging because it was not enabled.
python(60224) MallocStackLogging: can't turn off malloc stack logging because it was not enabled.
python(60225) MallocStackLogging: can't turn off malloc stack logging because it was not enabled.
python(60226) MallocStackLogging: can't turn off malloc stack logging because it was not enabled.
python(60227) MallocStackLogging: can't turn off malloc stack logging because it was not enabled.
python(60228) MallocStackLogging: can't turn off malloc stack logging because it was not enabled.
python(60239) MallocStackLogging: can't turn off malloc stack logging because it was not enabled.
python(60240) MallocStackLogging: can't turn off malloc stack logging because it was not enabled.
python(60241) MallocStackLogging: can't turn off malloc stack logging because it was not enabled.
python(60242) MallocStackLogging: can't turn off malloc stack logging because it was not enabled.
python(60243) MallocStackLogging: can't turn off malloc stack logging because it was not enabled.
python(60244) MallocStackLogging: can't turn off malloc stack logging because it was not enabled.
python(60245) MallocStackLogging: can't turn off malloc stack logging because it was not enabled.
python(60246) MallocStackLogging: can't turn off malloc stack logging because it was not enabled.
[gate] 7B mid_1_final released seed 0 T1 27/40 {'poly_diff': 20, 'expand2': 7}
python(60249) MallocStackLogging: can't turn off malloc stack logging because it was not enabled.
python(60250) MallocStackLogging: can't turn off malloc stack logging because it was not enabled.
python(60251) MallocStackLogging: can't turn off malloc stack logging because it was not enabled.
python(60252) MallocStackLogging: can't turn off malloc stack logging because it was not enabled.
python(60253) MallocStackLogging: can't turn off malloc stack logging because it was not enabled.
python(60254) MallocStackLogging: can't turn off malloc stack logging because it was not enabled.
python(60255) MallocStackLogging: can't turn off malloc stack logging because it was not enabled.
python(60256) MallocStackLogging: can't turn off malloc stack logging because it was not enabled.
python(60257) MallocStackLogging: can't turn off malloc stack logging because it was not enabled.
python(60258) MallocStackLogging: can't turn off malloc stack logging because it was not enabled.
python(60259) MallocStackLogging: can't turn off malloc stack logging because it was not enabled.
python(60260) MallocStackLogging: can't turn off malloc stack logging because it was not enabled.
python(60261) MallocStackLogging: can't turn off malloc stack logging because it was not enabled.
python(60262) MallocStackLogging: can't turn off malloc stack logging because it was not enabled.
python(60263) MallocStackLogging: can't turn off malloc stack logging because it was not enabled.
python(60264) MallocStackLogging: can't turn off malloc stack logging because it was not enabled.
python(60268) MallocStackLogging: can't turn off malloc stack logging because it was not enabled.
python(60269) MallocStackLogging: can't turn off malloc stack logging because it was not enabled.
python(60270) MallocStackLogging: can't turn off malloc stack logging because it was not enabled.
python(60271) MallocStackLogging: can't turn off malloc stack logging because it was not enabled.
python(60272) MallocStackLogging: can't turn off malloc stack logging because it was not enabled.
python(60273) MallocStackLogging: can't turn off malloc stack logging because it was not enabled.
python(60274) MallocStackLogging: can't turn off malloc stack logging because it was not enabled.
python(60275) MallocStackLogging: can't turn off malloc stack logging because it was not enabled.
python(60287) MallocStackLogging: can't turn off malloc stack logging because it was not enabled.
python(60288) MallocStackLogging: can't turn off malloc stack logging because it was not enabled.
python(60289) MallocStackLogging: can't turn off malloc stack logging because it was not enabled.
python(60290) MallocStackLogging: can't turn off malloc stack logging because it was not enabled.
python(60291) MallocStackLogging: can't turn off malloc stack logging because it was not enabled.
python(60292) MallocStackLogging: can't turn off malloc stack logging because it was not enabled.
python(60293) MallocStackLogging: can't turn off malloc stack logging because it was not enabled.
python(60294) MallocStackLogging: can't turn off malloc stack logging because it was not enabled.
python(60296) MallocStackLogging: can't turn off malloc stack logging because it was not enabled.
python(60297) MallocStackLogging: can't turn off malloc stack logging because it was not enabled.
python(60298) MallocStackLogging: can't turn off malloc stack logging because it was not enabled.
python(60299) MallocStackLogging: can't turn off malloc stack logging because it was not enabled.
python(60300) MallocStackLogging: can't turn off malloc stack logging because it was not enabled.
python(60301) MallocStackLogging: can't turn off malloc stack logging because it was not enabled.
python(60302) MallocStackLogging: can't turn off malloc stack logging because it was not enabled.
python(60303) MallocStackLogging: can't turn off malloc stack logging because it was not enabled.
[gate] 7B mid_1_final released seed 0 T2 29/40 {'prod_diff': 9, 'poly_int': 20}
python(60313) MallocStackLogging: can't turn off malloc stack logging because it was not enabled.
python(60314) MallocStackLogging: can't turn off malloc stack logging because it was not enabled.
python(60315) MallocStackLogging: can't turn off malloc stack logging because it was not enabled.
python(60316) MallocStackLogging: can't turn off malloc stack logging because it was not enabled.
python(60317) MallocStackLogging: can't turn off malloc stack logging because it was not enabled.
python(60318) MallocStackLogging: can't turn off malloc stack logging because it was not enabled.
python(60319) MallocStackLogging: can't turn off malloc stack logging because it was not enabled.
python(60320) MallocStackLogging: can't turn off malloc stack logging because it was not enabled.
python(60353) MallocStackLogging: can't turn off malloc stack logging because it was not enabled.
python(60354) MallocStackLogging: can't turn off malloc stack logging because it was not enabled.
python(60355) MallocStackLogging: can't turn off malloc stack logging because it was not enabled.
python(60356) MallocStackLogging: can't turn off malloc stack logging because it was not enabled.
python(60357) MallocStackLogging: can't turn off malloc stack logging because it was not enabled.
python(60358) MallocStackLogging: can't turn off malloc stack logging because it was not enabled.
python(60359) MallocStackLogging: can't turn off malloc stack logging because it was not enabled.
python(60360) MallocStackLogging: can't turn off malloc stack logging because it was not enabled.
python(60373) MallocStackLogging: can't turn off malloc stack logging because it was not enabled.
python(60374) MallocStackLogging: can't turn off malloc stack logging because it was not enabled.
python(60375) MallocStackLogging: can't turn off malloc stack logging because it was not enabled.
python(60376) MallocStackLogging: can't turn off malloc stack logging because it was not enabled.
python(60377) MallocStackLogging: can't turn off malloc stack logging because it was not enabled.
python(60378) MallocStackLogging: can't turn off malloc stack logging because it was not enabled.
python(60379) MallocStackLogging: can't turn off malloc stack logging because it was not enabled.
python(60380) MallocStackLogging: can't turn off malloc stack logging because it was not enabled.
python(60384) MallocStackLogging: can't turn off malloc stack logging because it was not enabled.
python(60385) MallocStackLogging: can't turn off malloc stack logging because it was not enabled.
python(60386) MallocStackLogging: can't turn off malloc stack logging because it was not enabled.
python(60387) MallocStackLogging: can't turn off malloc stack logging because it was not enabled.
python(60388) MallocStackLogging: can't turn off malloc stack logging because it was not enabled.
python(60389) MallocStackLogging: can't turn off malloc stack logging because it was not enabled.
python(60390) MallocStackLogging: can't turn off malloc stack logging because it was not enabled.
python(60391) MallocStackLogging: can't turn off malloc stack logging because it was not enabled.
python(60392) MallocStackLogging: can't turn off malloc stack logging because it was not enabled.
python(60393) MallocStackLogging: can't turn off malloc stack logging because it was not enabled.
python(60394) MallocStackLogging: can't turn off malloc stack logging because it was not enabled.
python(60395) MallocStackLogging: can't turn off malloc stack logging because it was not enabled.
python(60396) MallocStackLogging: can't turn off malloc stack logging because it was not enabled.
python(60397) MallocStackLogging: can't turn off malloc stack logging because it was not enabled.
python(60398) MallocStackLogging: can't turn off malloc stack logging because it was not enabled.
python(60399) MallocStackLogging: can't turn off malloc stack logging because it was not enabled.
[gate] 7B mid_1_final released seed 0 T4 16/40 {'second_diff': 3, 'xexp_int': 13}
python(60410) MallocStackLogging: can't turn off malloc stack logging because it was not enabled.
python(60411) MallocStackLogging: can't turn off malloc stack logging because it was not enabled.
python(60412) MallocStackLogging: can't turn off malloc stack logging because it was not enabled.
python(60413) MallocStackLogging: can't turn off malloc stack logging because it was not enabled.
python(60414) MallocStackLogging: can't turn off malloc stack logging because it was not enabled.
python(60415) MallocStackLogging: can't turn off malloc stack logging because it was not enabled.
python(60416) MallocStackLogging: can't turn off malloc stack logging because it was not enabled.
python(60417) MallocStackLogging: can't turn off malloc stack logging because it was not enabled.
python(60419) MallocStackLogging: can't turn off malloc stack logging because it was not enabled.
python(60420) MallocStackLogging: can't turn off malloc stack logging because it was not enabled.
python(60421) MallocStackLogging: can't turn off malloc stack logging because it was not enabled.
python(60422) MallocStackLogging: can't turn off malloc stack logging because it was not enabled.
python(60423) MallocStackLogging: can't turn off malloc stack logging because it was not enabled.
python(60424) MallocStackLogging: can't turn off malloc stack logging because it was not enabled.
python(60425) MallocStackLogging: can't turn off malloc stack logging because it was not enabled.
python(60426) MallocStackLogging: can't turn off malloc stack logging because it was not enabled.
python(60429) MallocStackLogging: can't turn off malloc stack logging because it was not enabled.
python(60430) MallocStackLogging: can't turn off malloc stack logging because it was not enabled.
python(60431) MallocStackLogging: can't turn off malloc stack logging because it was not enabled.
python(60432) MallocStackLogging: can't turn off malloc stack logging because it was not enabled.
python(60433) MallocStackLogging: can't turn off malloc stack logging because it was not enabled.
python(60434) MallocStackLogging: can't turn off malloc stack logging because it was not enabled.
python(60435) MallocStackLogging: can't turn off malloc stack logging because it was not enabled.
python(60436) MallocStackLogging: can't turn off malloc stack logging because it was not enabled.
python(60437) MallocStackLogging: can't turn off malloc stack logging because it was not enabled.
python(60438) MallocStackLogging: can't turn off malloc stack logging because it was not enabled.
python(60439) MallocStackLogging: can't turn off malloc stack logging because it was not enabled.
python(60440) MallocStackLogging: can't turn off malloc stack logging because it was not enabled.
python(60441) MallocStackLogging: can't turn off malloc stack logging because it was not enabled.
python(60442) MallocStackLogging: can't turn off malloc stack logging because it was not enabled.
python(60443) MallocStackLogging: can't turn off malloc stack logging because it was not enabled.
python(60444) MallocStackLogging: can't turn off malloc stack logging because it was not enabled.
python(60526) MallocStackLogging: can't turn off malloc stack logging because it was not enabled.
python(60527) MallocStackLogging: can't turn off malloc stack logging because it was not enabled.
python(60528) MallocStackLogging: can't turn off malloc stack logging because it was not enabled.
python(60529) MallocStackLogging: can't turn off malloc stack logging because it was not enabled.
python(60530) MallocStackLogging: can't turn off malloc stack logging because it was not enabled.
python(60531) MallocStackLogging: can't turn off malloc stack logging because it was not enabled.
python(60532) MallocStackLogging: can't turn off malloc stack logging because it was not enabled.
python(60533) MallocStackLogging: can't turn off malloc stack logging because it was not enabled.
[gate] 7B mid_1_final released seed 1 T1 29/40 {'poly_diff': 20, 'expand2': 9}
python(60550) MallocStackLogging: can't turn off malloc stack logging because it was not enabled.
python(60551) MallocStackLogging: can't turn off malloc stack logging because it was not enabled.
python(60552) MallocStackLogging: can't turn off malloc stack logging because it was not enabled.
python(60553) MallocStackLogging: can't turn off malloc stack logging because it was not enabled.
python(60554) MallocStackLogging: can't turn off malloc stack logging because it was not enabled.
python(60555) MallocStackLogging: can't turn off malloc stack logging because it was not enabled.
python(60556) MallocStackLogging: can't turn off malloc stack logging because it was not enabled.
python(60557) MallocStackLogging: can't turn off malloc stack logging because it was not enabled.
python(60560) MallocStackLogging: can't turn off malloc stack logging because it was not enabled.
python(60561) MallocStackLogging: can't turn off malloc stack logging because it was not enabled.
python(60562) MallocStackLogging: can't turn off malloc stack logging because it was not enabled.
python(60563) MallocStackLogging: can't turn off malloc stack logging because it was not enabled.
python(60564) MallocStackLogging: can't turn off malloc stack logging because it was not enabled.
python(60565) MallocStackLogging: can't turn off malloc stack logging because it was not enabled.
python(60566) MallocStackLogging: can't turn off malloc stack logging because it was not enabled.
python(60567) MallocStackLogging: can't turn off malloc stack logging because it was not enabled.
python(60579) MallocStackLogging: can't turn off malloc stack logging because it was not enabled.
python(60580) MallocStackLogging: can't turn off malloc stack logging because it was not enabled.
python(60581) MallocStackLogging: can't turn off malloc stack logging because it was not enabled.
python(60582) MallocStackLogging: can't turn off malloc stack logging because it was not enabled.
python(60583) MallocStackLogging: can't turn off malloc stack logging because it was not enabled.
python(60584) MallocStackLogging: can't turn off malloc stack logging because it was not enabled.
python(60585) MallocStackLogging: can't turn off malloc stack logging because it was not enabled.
python(60586) MallocStackLogging: can't turn off malloc stack logging because it was not enabled.
python(60597) MallocStackLogging: can't turn off malloc stack logging because it was not enabled.
python(60598) MallocStackLogging: can't turn off malloc stack logging because it was not enabled.
python(60599) MallocStackLogging: can't turn off malloc stack logging because it was not enabled.
python(60600) MallocStackLogging: can't turn off malloc stack logging because it was not enabled.
python(60601) MallocStackLogging: can't turn off malloc stack logging because it was not enabled.
python(60602) MallocStackLogging: can't turn off malloc stack logging because it was not enabled.
python(60603) MallocStackLogging: can't turn off malloc stack logging because it was not enabled.
python(60604) MallocStackLogging: can't turn off malloc stack logging because it was not enabled.
python(60606) MallocStackLogging: can't turn off malloc stack logging because it was not enabled.
python(60607) MallocStackLogging: can't turn off malloc stack logging because it was not enabled.
python(60608) MallocStackLogging: can't turn off malloc stack logging because it was not enabled.
python(60609) MallocStackLogging: can't turn off malloc stack logging because it was not enabled.
python(60610) MallocStackLogging: can't turn off malloc stack logging because it was not enabled.
python(60611) MallocStackLogging: can't turn off malloc stack logging because it was not enabled.
python(60612) MallocStackLogging: can't turn off malloc stack logging because it was not enabled.
python(60613) MallocStackLogging: can't turn off malloc stack logging because it was not enabled.
[gate] 7B mid_1_final released seed 1 T2 33/40 {'prod_diff': 13, 'poly_int': 20}
python(60620) MallocStackLogging: can't turn off malloc stack logging because it was not enabled.
python(60621) MallocStackLogging: can't turn off malloc stack logging because it was not enabled.
python(60622) MallocStackLogging: can't turn off malloc stack logging because it was not enabled.
python(60623) MallocStackLogging: can't turn off malloc stack logging because it was not enabled.
python(60624) MallocStackLogging: can't turn off malloc stack logging because it was not enabled.
python(60625) MallocStackLogging: can't turn off malloc stack logging because it was not enabled.
python(60626) MallocStackLogging: can't turn off malloc stack logging because it was not enabled.
python(60627) MallocStackLogging: can't turn off malloc stack logging because it was not enabled.
python(60632) MallocStackLogging: can't turn off malloc stack logging because it was not enabled.
python(60633) MallocStackLogging: can't turn off malloc stack logging because it was not enabled.
python(60634) MallocStackLogging: can't turn off malloc stack logging because it was not enabled.
python(60635) MallocStackLogging: can't turn off malloc stack logging because it was not enabled.
python(60636) MallocStackLogging: can't turn off malloc stack logging because it was not enabled.
python(60637) MallocStackLogging: can't turn off malloc stack logging because it was not enabled.
python(60638) MallocStackLogging: can't turn off malloc stack logging because it was not enabled.
python(60639) MallocStackLogging: can't turn off malloc stack logging because it was not enabled.
python(60652) MallocStackLogging: can't turn off malloc stack logging because it was not enabled.
python(60653) MallocStackLogging: can't turn off malloc stack logging because it was not enabled.
python(60654) MallocStackLogging: can't turn off malloc stack logging because it was not enabled.
python(60655) MallocStackLogging: can't turn off malloc stack logging because it was not enabled.
python(60656) MallocStackLogging: can't turn off malloc stack logging because it was not enabled.
python(60657) MallocStackLogging: can't turn off malloc stack logging because it was not enabled.
python(60658) MallocStackLogging: can't turn off malloc stack logging because it was not enabled.
python(60659) MallocStackLogging: can't turn off malloc stack logging because it was not enabled.
python(60666) MallocStackLogging: can't turn off malloc stack logging because it was not enabled.
python(60667) MallocStackLogging: can't turn off malloc stack logging because it was not enabled.
python(60668) MallocStackLogging: can't turn off malloc stack logging because it was not enabled.
python(60669) MallocStackLogging: can't turn off malloc stack logging because it was not enabled.
python(60670) MallocStackLogging: can't turn off malloc stack logging because it was not enabled.
python(60671) MallocStackLogging: can't turn off malloc stack logging because it was not enabled.
python(60672) MallocStackLogging: can't turn off malloc stack logging because it was not enabled.
python(60673) MallocStackLogging: can't turn off malloc stack logging because it was not enabled.
python(60688) MallocStackLogging: can't turn off malloc stack logging because it was not enabled.
python(60689) MallocStackLogging: can't turn off malloc stack logging because it was not enabled.
python(60690) MallocStackLogging: can't turn off malloc stack logging because it was not enabled.
python(60691) MallocStackLogging: can't turn off malloc stack logging because it was not enabled.
python(60692) MallocStackLogging: can't turn off malloc stack logging because it was not enabled.
python(60693) MallocStackLogging: can't turn off malloc stack logging because it was not enabled.
python(60694) MallocStackLogging: can't turn off malloc stack logging because it was not enabled.
python(60695) MallocStackLogging: can't turn off malloc stack logging because it was not enabled.
[gate] 7B mid_1_final released seed 1 T4 21/40 {'second_diff': 2, 'xexp_int': 19}
[pair] 7B mid_1_final->mid_2_final rel=0.1134 centroid=0.5340903923117377 lag1=None ident=0/327 15790s
[ERROR] `cache_position` is part of K2HorizonModel.forward's signature, but not documented. Make sure to add it to the docstring of the function in /Users/artin/.cache/huggingface/modules/transformers_modules/mid_2_final/61ad561839604e4f/modeling_k2_horizon.py.
[ERROR] `cache_position` is part of K2HorizonForCausalLM.forward's signature, but not documented. Make sure to add it to the docstring of the function in /Users/artin/.cache/huggingface/modules/transformers_modules/mid_2_final/61ad561839604e4f/modeling_k2_horizon.py.
Loading weights:   0%|          | 0/327 [00:00<?, ?it/s]Loading weights: 100%|██████████| 327/327 [00:00<00:00, 4917.83it/s]
python(61647) MallocStackLogging: can't turn off malloc stack logging because it was not enabled.
python(61648) MallocStackLogging: can't turn off malloc stack logging because it was not enabled.
python(61649) MallocStackLogging: can't turn off malloc stack logging because it was not enabled.
python(61650) MallocStackLogging: can't turn off malloc stack logging because it was not enabled.
python(61651) MallocStackLogging: can't turn off malloc stack logging because it was not enabled.
python(61652) MallocStackLogging: can't turn off malloc stack logging because it was not enabled.
python(61653) MallocStackLogging: can't turn off malloc stack logging because it was not enabled.
python(61654) MallocStackLogging: can't turn off malloc stack logging because it was not enabled.
python(61669) MallocStackLogging: can't turn off malloc stack logging because it was not enabled.
python(61670) MallocStackLogging: can't turn off malloc stack logging because it was not enabled.
python(61671) MallocStackLogging: can't turn off malloc stack logging because it was not enabled.
python(61672) MallocStackLogging: can't turn off malloc stack logging because it was not enabled.
python(61673) MallocStackLogging: can't turn off malloc stack logging because it was not enabled.
python(61674) MallocStackLogging: can't turn off malloc stack logging because it was not enabled.
python(61675) MallocStackLogging: can't turn off malloc stack logging because it was not enabled.
python(61676) MallocStackLogging: can't turn off malloc stack logging because it was not enabled.
python(61677) MallocStackLogging: can't turn off malloc stack logging because it was not enabled.
python(61678) MallocStackLogging: can't turn off malloc stack logging because it was not enabled.
python(61679) MallocStackLogging: can't turn off malloc stack logging because it was not enabled.
python(61680) MallocStackLogging: can't turn off malloc stack logging because it was not enabled.
python(61681) MallocStackLogging: can't turn off malloc stack logging because it was not enabled.
python(61682) MallocStackLogging: can't turn off malloc stack logging because it was not enabled.
python(61683) MallocStackLogging: can't turn off malloc stack logging because it was not enabled.
python(61684) MallocStackLogging: can't turn off malloc stack logging because it was not enabled.
python(61710) MallocStackLogging: can't turn off malloc stack logging because it was not enabled.
python(61711) MallocStackLogging: can't turn off malloc stack logging because it was not enabled.
python(61712) MallocStackLogging: can't turn off malloc stack logging because it was not enabled.
python(61713) MallocStackLogging: can't turn off malloc stack logging because it was not enabled.
python(61714) MallocStackLogging: can't turn off malloc stack logging because it was not enabled.
python(61715) MallocStackLogging: can't turn off malloc stack logging because it was not enabled.
python(61716) MallocStackLogging: can't turn off malloc stack logging because it was not enabled.
python(61717) MallocStackLogging: can't turn off malloc stack logging because it was not enabled.
python(61720) MallocStackLogging: can't turn off malloc stack logging because it was not enabled.
python(61721) MallocStackLogging: can't turn off malloc stack logging because it was not enabled.
python(61722) MallocStackLogging: can't turn off malloc stack logging because it was not enabled.
python(61723) MallocStackLogging: can't turn off malloc stack logging because it was not enabled.
python(61724) MallocStackLogging: can't turn off malloc stack logging because it was not enabled.
python(61725) MallocStackLogging: can't turn off malloc stack logging because it was not enabled.
python(61726) MallocStackLogging: can't turn off malloc stack logging because it was not enabled.
python(61727) MallocStackLogging: can't turn off malloc stack logging because it was not enabled.
[gate] 7B mid_2_final released seed 0 T1 25/40 {'poly_diff': 20, 'expand2': 5}
python(61736) MallocStackLogging: can't turn off malloc stack logging because it was not enabled.
python(61737) MallocStackLogging: can't turn off malloc stack logging because it was not enabled.
python(61738) MallocStackLogging: can't turn off malloc stack logging because it was not enabled.
python(61739) MallocStackLogging: can't turn off malloc stack logging because it was not enabled.
python(61740) MallocStackLogging: can't turn off malloc stack logging because it was not enabled.
python(61741) MallocStackLogging: can't turn off malloc stack logging because it was not enabled.
python(61742) MallocStackLogging: can't turn off malloc stack logging because it was not enabled.
python(61743) MallocStackLogging: can't turn off malloc stack logging because it was not enabled.
python(61753) MallocStackLogging: can't turn off malloc stack logging because it was not enabled.
python(61755) MallocStackLogging: can't turn off malloc stack logging because it was not enabled.
python(61756) MallocStackLogging: can't turn off malloc stack logging because it was not enabled.
python(61757) MallocStackLogging: can't turn off malloc stack logging because it was not enabled.
python(61758) MallocStackLogging: can't turn off malloc stack logging because it was not enabled.
python(61759) MallocStackLogging: can't turn off malloc stack logging because it was not enabled.
python(61760) MallocStackLogging: can't turn off malloc stack logging because it was not enabled.
python(61761) MallocStackLogging: can't turn off malloc stack logging because it was not enabled.
python(61796) MallocStackLogging: can't turn off malloc stack logging because it was not enabled.
python(61797) MallocStackLogging: can't turn off malloc stack logging because it was not enabled.
python(61798) MallocStackLogging: can't turn off malloc stack logging because it was not enabled.
python(61799) MallocStackLogging: can't turn off malloc stack logging because it was not enabled.
python(61800) MallocStackLogging: can't turn off malloc stack logging because it was not enabled.
python(61801) MallocStackLogging: can't turn off malloc stack logging because it was not enabled.
python(61802) MallocStackLogging: can't turn off malloc stack logging because it was not enabled.
python(61803) MallocStackLogging: can't turn off malloc stack logging because it was not enabled.
python(61805) MallocStackLogging: can't turn off malloc stack logging because it was not enabled.
python(61806) MallocStackLogging: can't turn off malloc stack logging because it was not enabled.
python(61807) MallocStackLogging: can't turn off malloc stack logging because it was not enabled.
python(61808) MallocStackLogging: can't turn off malloc stack logging because it was not enabled.
python(61809) MallocStackLogging: can't turn off malloc stack logging because it was not enabled.
python(61810) MallocStackLogging: can't turn off malloc stack logging because it was not enabled.
python(61811) MallocStackLogging: can't turn off malloc stack logging because it was not enabled.
python(61812) MallocStackLogging: can't turn off malloc stack logging because it was not enabled.
python(61817) MallocStackLogging: can't turn off malloc stack logging because it was not enabled.
python(61818) MallocStackLogging: can't turn off malloc stack logging because it was not enabled.
python(61819) MallocStackLogging: can't turn off malloc stack logging because it was not enabled.
python(61820) MallocStackLogging: can't turn off malloc stack logging because it was not enabled.
python(61821) MallocStackLogging: can't turn off malloc stack logging because it was not enabled.
python(61822) MallocStackLogging: can't turn off malloc stack logging because it was not enabled.
python(61823) MallocStackLogging: can't turn off malloc stack logging because it was not enabled.
python(61824) MallocStackLogging: can't turn off malloc stack logging because it was not enabled.
[gate] 7B mid_2_final released seed 0 T2 29/40 {'prod_diff': 9, 'poly_int': 20}
python(61826) MallocStackLogging: can't turn off malloc stack logging because it was not enabled.
python(61827) MallocStackLogging: can't turn off malloc stack logging because it was not enabled.
python(61828) MallocStackLogging: can't turn off malloc stack logging because it was not enabled.
python(61829) MallocStackLogging: can't turn off malloc stack logging because it was not enabled.
python(61830) MallocStackLogging: can't turn off malloc stack logging because it was not enabled.
python(61831) MallocStackLogging: can't turn off malloc stack logging because it was not enabled.
python(61832) MallocStackLogging: can't turn off malloc stack logging because it was not enabled.
python(61833) MallocStackLogging: can't turn off malloc stack logging because it was not enabled.
python(61855) MallocStackLogging: can't turn off malloc stack logging because it was not enabled.
python(61856) MallocStackLogging: can't turn off malloc stack logging because it was not enabled.
python(61857) MallocStackLogging: can't turn off malloc stack logging because it was not enabled.
python(61858) MallocStackLogging: can't turn off malloc stack logging because it was not enabled.
python(61859) MallocStackLogging: can't turn off malloc stack logging because it was not enabled.
python(61860) MallocStackLogging: can't turn off malloc stack logging because it was not enabled.
python(61861) MallocStackLogging: can't turn off malloc stack logging because it was not enabled.
python(61862) MallocStackLogging: can't turn off malloc stack logging because it was not enabled.
python(61867) MallocStackLogging: can't turn off malloc stack logging because it was not enabled.
python(61868) MallocStackLogging: can't turn off malloc stack logging because it was not enabled.
python(61869) MallocStackLogging: can't turn off malloc stack logging because it was not enabled.
python(61870) MallocStackLogging: can't turn off malloc stack logging because it was not enabled.
python(61871) MallocStackLogging: can't turn off malloc stack logging because it was not enabled.
python(61872) MallocStackLogging: can't turn off malloc stack logging because it was not enabled.
python(61873) MallocStackLogging: can't turn off malloc stack logging because it was not enabled.
python(61874) MallocStackLogging: can't turn off malloc stack logging because it was not enabled.
python(61876) MallocStackLogging: can't turn off malloc stack logging because it was not enabled.
python(61877) MallocStackLogging: can't turn off malloc stack logging because it was not enabled.
python(61878) MallocStackLogging: can't turn off malloc stack logging because it was not enabled.
python(61879) MallocStackLogging: can't turn off malloc stack logging because it was not enabled.
python(61880) MallocStackLogging: can't turn off malloc stack logging because it was not enabled.
python(61881) MallocStackLogging: can't turn off malloc stack logging because it was not enabled.
python(61882) MallocStackLogging: can't turn off malloc stack logging because it was not enabled.
python(61883) MallocStackLogging: can't turn off malloc stack logging because it was not enabled.
python(61905) MallocStackLogging: can't turn off malloc stack logging because it was not enabled.
python(61906) MallocStackLogging: can't turn off malloc stack logging because it was not enabled.
python(61907) MallocStackLogging: can't turn off malloc stack logging because it was not enabled.
python(61908) MallocStackLogging: can't turn off malloc stack logging because it was not enabled.
python(61909) MallocStackLogging: can't turn off malloc stack logging because it was not enabled.
python(61910) MallocStackLogging: can't turn off malloc stack logging because it was not enabled.
python(61911) MallocStackLogging: can't turn off malloc stack logging because it was not enabled.
python(61912) MallocStackLogging: can't turn off malloc stack logging because it was not enabled.
[gate] 7B mid_2_final released seed 0 T4 21/40 {'second_diff': 4, 'xexp_int': 17}
python(61917) MallocStackLogging: can't turn off malloc stack logging because it was not enabled.
python(61918) MallocStackLogging: can't turn off malloc stack logging because it was not enabled.
python(61919) MallocStackLogging: can't turn off malloc stack logging because it was not enabled.
python(61920) MallocStackLogging: can't turn off malloc stack logging because it was not enabled.
python(61921) MallocStackLogging: can't turn off malloc stack logging because it was not enabled.
python(61922) MallocStackLogging: can't turn off malloc stack logging because it was not enabled.
python(61923) MallocStackLogging: can't turn off malloc stack logging because it was not enabled.
python(61924) MallocStackLogging: can't turn off malloc stack logging because it was not enabled.
python(61928) MallocStackLogging: can't turn off malloc stack logging because it was not enabled.
python(61929) MallocStackLogging: can't turn off malloc stack logging because it was not enabled.
python(61930) MallocStackLogging: can't turn off malloc stack logging because it was not enabled.
python(61931) MallocStackLogging: can't turn off malloc stack logging because it was not enabled.
python(61932) MallocStackLogging: can't turn off malloc stack logging because it was not enabled.
python(61933) MallocStackLogging: can't turn off malloc stack logging because it was not enabled.
python(61934) MallocStackLogging: can't turn off malloc stack logging because it was not enabled.
python(61935) MallocStackLogging: can't turn off malloc stack logging because it was not enabled.
python(61936) MallocStackLogging: can't turn off malloc stack logging because it was not enabled.
python(61937) MallocStackLogging: can't turn off malloc stack logging because it was not enabled.
python(61938) MallocStackLogging: can't turn off malloc stack logging because it was not enabled.
python(61939) MallocStackLogging: can't turn off malloc stack logging because it was not enabled.
python(61940) MallocStackLogging: can't turn off malloc stack logging because it was not enabled.
python(61941) MallocStackLogging: can't turn off malloc stack logging because it was not enabled.
python(61942) MallocStackLogging: can't turn off malloc stack logging because it was not enabled.
python(61943) MallocStackLogging: can't turn off malloc stack logging because it was not enabled.
python(61982) MallocStackLogging: can't turn off malloc stack logging because it was not enabled.
python(61983) MallocStackLogging: can't turn off malloc stack logging because it was not enabled.
python(61984) MallocStackLogging: can't turn off malloc stack logging because it was not enabled.
python(61985) MallocStackLogging: can't turn off malloc stack logging because it was not enabled.
python(61986) MallocStackLogging: can't turn off malloc stack logging because it was not enabled.
python(61987) MallocStackLogging: can't turn off malloc stack logging because it was not enabled.
python(61988) MallocStackLogging: can't turn off malloc stack logging because it was not enabled.
python(61989) MallocStackLogging: can't turn off malloc stack logging because it was not enabled.
python(61996) MallocStackLogging: can't turn off malloc stack logging because it was not enabled.
python(61997) MallocStackLogging: can't turn off malloc stack logging because it was not enabled.
python(61998) MallocStackLogging: can't turn off malloc stack logging because it was not enabled.
python(61999) MallocStackLogging: can't turn off malloc stack logging because it was not enabled.
python(62000) MallocStackLogging: can't turn off malloc stack logging because it was not enabled.
python(62001) MallocStackLogging: can't turn off malloc stack logging because it was not enabled.
python(62002) MallocStackLogging: can't turn off malloc stack logging because it was not enabled.
python(62003) MallocStackLogging: can't turn off malloc stack logging because it was not enabled.
[gate] 7B mid_2_final released seed 1 T1 29/40 {'poly_diff': 20, 'expand2': 9}
python(62014) MallocStackLogging: can't turn off malloc stack logging because it was not enabled.
python(62015) MallocStackLogging: can't turn off malloc stack logging because it was not enabled.
python(62016) MallocStackLogging: can't turn off malloc stack logging because it was not enabled.
python(62017) MallocStackLogging: can't turn off malloc stack logging because it was not enabled.
python(62018) MallocStackLogging: can't turn off malloc stack logging because it was not enabled.
python(62019) MallocStackLogging: can't turn off malloc stack logging because it was not enabled.
python(62020) MallocStackLogging: can't turn off malloc stack logging because it was not enabled.
python(62021) MallocStackLogging: can't turn off malloc stack logging because it was not enabled.
python(62022) MallocStackLogging: can't turn off malloc stack logging because it was not enabled.
python(62023) MallocStackLogging: can't turn off malloc stack logging because it was not enabled.
python(62024) MallocStackLogging: can't turn off malloc stack logging because it was not enabled.
python(62025) MallocStackLogging: can't turn off malloc stack logging because it was not enabled.
python(62026) MallocStackLogging: can't turn off malloc stack logging because it was not enabled.
python(62027) MallocStackLogging: can't turn off malloc stack logging because it was not enabled.
python(62028) MallocStackLogging: can't turn off malloc stack logging because it was not enabled.
python(62029) MallocStackLogging: can't turn off malloc stack logging because it was not enabled.
python(62042) MallocStackLogging: can't turn off malloc stack logging because it was not enabled.
python(62043) MallocStackLogging: can't turn off malloc stack logging because it was not enabled.
python(62044) MallocStackLogging: can't turn off malloc stack logging because it was not enabled.
python(62045) MallocStackLogging: can't turn off malloc stack logging because it was not enabled.
python(62046) MallocStackLogging: can't turn off malloc stack logging because it was not enabled.
python(62047) MallocStackLogging: can't turn off malloc stack logging because it was not enabled.
python(62048) MallocStackLogging: can't turn off malloc stack logging because it was not enabled.
python(62049) MallocStackLogging: can't turn off malloc stack logging because it was not enabled.
python(62060) MallocStackLogging: can't turn off malloc stack logging because it was not enabled.
python(62061) MallocStackLogging: can't turn off malloc stack logging because it was not enabled.
python(62062) MallocStackLogging: can't turn off malloc stack logging because it was not enabled.
python(62063) MallocStackLogging: can't turn off malloc stack logging because it was not enabled.
python(62064) MallocStackLogging: can't turn off malloc stack logging because it was not enabled.
python(62065) MallocStackLogging: can't turn off malloc stack logging because it was not enabled.
python(62066) MallocStackLogging: can't turn off malloc stack logging because it was not enabled.
python(62067) MallocStackLogging: can't turn off malloc stack logging because it was not enabled.
python(62072) MallocStackLogging: can't turn off malloc stack logging because it was not enabled.
python(62073) MallocStackLogging: can't turn off malloc stack logging because it was not enabled.
python(62074) MallocStackLogging: can't turn off malloc stack logging because it was not enabled.
python(62075) MallocStackLogging: can't turn off malloc stack logging because it was not enabled.
python(62076) MallocStackLogging: can't turn off malloc stack logging because it was not enabled.
python(62077) MallocStackLogging: can't turn off malloc stack logging because it was not enabled.
python(62078) MallocStackLogging: can't turn off malloc stack logging because it was not enabled.
python(62079) MallocStackLogging: can't turn off malloc stack logging because it was not enabled.
[gate] 7B mid_2_final released seed 1 T2 35/40 {'prod_diff': 15, 'poly_int': 20}
python(62080) MallocStackLogging: can't turn off malloc stack logging because it was not enabled.
python(62081) MallocStackLogging: can't turn off malloc stack logging because it was not enabled.
python(62082) MallocStackLogging: can't turn off malloc stack logging because it was not enabled.
python(62083) MallocStackLogging: can't turn off malloc stack logging because it was not enabled.
python(62084) MallocStackLogging: can't turn off malloc stack logging because it was not enabled.
python(62085) MallocStackLogging: can't turn off malloc stack logging because it was not enabled.
python(62086) MallocStackLogging: can't turn off malloc stack logging because it was not enabled.
python(62087) MallocStackLogging: can't turn off malloc stack logging because it was not enabled.
python(62105) MallocStackLogging: can't turn off malloc stack logging because it was not enabled.
python(62106) MallocStackLogging: can't turn off malloc stack logging because it was not enabled.
python(62107) MallocStackLogging: can't turn off malloc stack logging because it was not enabled.
python(62108) MallocStackLogging: can't turn off malloc stack logging because it was not enabled.
python(62109) MallocStackLogging: can't turn off malloc stack logging because it was not enabled.
python(62110) MallocStackLogging: can't turn off malloc stack logging because it was not enabled.
python(62111) MallocStackLogging: can't turn off malloc stack logging because it was not enabled.
python(62112) MallocStackLogging: can't turn off malloc stack logging because it was not enabled.
python(62126) MallocStackLogging: can't turn off malloc stack logging because it was not enabled.
python(62127) MallocStackLogging: can't turn off malloc stack logging because it was not enabled.
python(62128) MallocStackLogging: can't turn off malloc stack logging because it was not enabled.
python(62129) MallocStackLogging: can't turn off malloc stack logging because it was not enabled.
python(62130) MallocStackLogging: can't turn off malloc stack logging because it was not enabled.
python(62131) MallocStackLogging: can't turn off malloc stack logging because it was not enabled.
python(62132) MallocStackLogging: can't turn off malloc stack logging because it was not enabled.
python(62133) MallocStackLogging: can't turn off malloc stack logging because it was not enabled.
python(62134) MallocStackLogging: can't turn off malloc stack logging because it was not enabled.
python(62135) MallocStackLogging: can't turn off malloc stack logging because it was not enabled.
python(62136) MallocStackLogging: can't turn off malloc stack logging because it was not enabled.
python(62137) MallocStackLogging: can't turn off malloc stack logging because it was not enabled.
python(62138) MallocStackLogging: can't turn off malloc stack logging because it was not enabled.
python(62139) MallocStackLogging: can't turn off malloc stack logging because it was not enabled.
python(62140) MallocStackLogging: can't turn off malloc stack logging because it was not enabled.
python(62141) MallocStackLogging: can't turn off malloc stack logging because it was not enabled.
python(62180) MallocStackLogging: can't turn off malloc stack logging because it was not enabled.
python(62181) MallocStackLogging: can't turn off malloc stack logging because it was not enabled.
python(62182) MallocStackLogging: can't turn off malloc stack logging because it was not enabled.
python(62183) MallocStackLogging: can't turn off malloc stack logging because it was not enabled.
python(62184) MallocStackLogging: can't turn off malloc stack logging because it was not enabled.
python(62185) MallocStackLogging: can't turn off malloc stack logging because it was not enabled.
python(62186) MallocStackLogging: can't turn off malloc stack logging because it was not enabled.
python(62187) MallocStackLogging: can't turn off malloc stack logging because it was not enabled.
[gate] 7B mid_2_final released seed 1 T4 21/40 {'second_diff': 2, 'xexp_int': 19}
[pair] 7B mid_2_final->mid_3_final rel=0.0482 centroid=0.5070515226613534 lag1=None ident=0/327 17969s
[ERROR] `cache_position` is part of K2HorizonModel.forward's signature, but not documented. Make sure to add it to the docstring of the function in /Users/artin/.cache/huggingface/modules/transformers_modules/mid_3_final/61ad561839604e4f/modeling_k2_horizon.py.
[ERROR] `cache_position` is part of K2HorizonForCausalLM.forward's signature, but not documented. Make sure to add it to the docstring of the function in /Users/artin/.cache/huggingface/modules/transformers_modules/mid_3_final/61ad561839604e4f/modeling_k2_horizon.py.
Loading weights:   0%|          | 0/327 [00:00<?, ?it/s]Loading weights: 100%|██████████| 327/327 [00:00<00:00, 5876.94it/s]
python(63012) MallocStackLogging: can't turn off malloc stack logging because it was not enabled.
python(63013) MallocStackLogging: can't turn off malloc stack logging because it was not enabled.
python(63014) MallocStackLogging: can't turn off malloc stack logging because it was not enabled.
python(63015) MallocStackLogging: can't turn off malloc stack logging because it was not enabled.
python(63016) MallocStackLogging: can't turn off malloc stack logging because it was not enabled.
python(63017) MallocStackLogging: can't turn off malloc stack logging because it was not enabled.
python(63018) MallocStackLogging: can't turn off malloc stack logging because it was not enabled.
python(63019) MallocStackLogging: can't turn off malloc stack logging because it was not enabled.
python(63020) MallocStackLogging: can't turn off malloc stack logging because it was not enabled.
python(63021) MallocStackLogging: can't turn off malloc stack logging because it was not enabled.
python(63022) MallocStackLogging: can't turn off malloc stack logging because it was not enabled.
python(63023) MallocStackLogging: can't turn off malloc stack logging because it was not enabled.
python(63024) MallocStackLogging: can't turn off malloc stack logging because it was not enabled.
python(63025) MallocStackLogging: can't turn off malloc stack logging because it was not enabled.
python(63026) MallocStackLogging: can't turn off malloc stack logging because it was not enabled.
python(63027) MallocStackLogging: can't turn off malloc stack logging because it was not enabled.
python(63031) MallocStackLogging: can't turn off malloc stack logging because it was not enabled.
python(63032) MallocStackLogging: can't turn off malloc stack logging because it was not enabled.
python(63033) MallocStackLogging: can't turn off malloc stack logging because it was not enabled.
python(63034) MallocStackLogging: can't turn off malloc stack logging because it was not enabled.
python(63035) MallocStackLogging: can't turn off malloc stack logging because it was not enabled.
python(63036) MallocStackLogging: can't turn off malloc stack logging because it was not enabled.
python(63037) MallocStackLogging: can't turn off malloc stack logging because it was not enabled.
python(63038) MallocStackLogging: can't turn off malloc stack logging because it was not enabled.
python(63086) MallocStackLogging: can't turn off malloc stack logging because it was not enabled.
python(63087) MallocStackLogging: can't turn off malloc stack logging because it was not enabled.
python(63088) MallocStackLogging: can't turn off malloc stack logging because it was not enabled.
python(63089) MallocStackLogging: can't turn off malloc stack logging because it was not enabled.
python(63090) MallocStackLogging: can't turn off malloc stack logging because it was not enabled.
python(63091) MallocStackLogging: can't turn off malloc stack logging because it was not enabled.
python(63092) MallocStackLogging: can't turn off malloc stack logging because it was not enabled.
python(63093) MallocStackLogging: can't turn off malloc stack logging because it was not enabled.
python(63224) MallocStackLogging: can't turn off malloc stack logging because it was not enabled.
python(63225) MallocStackLogging: can't turn off malloc stack logging because it was not enabled.
python(63226) MallocStackLogging: can't turn off malloc stack logging because it was not enabled.
python(63227) MallocStackLogging: can't turn off malloc stack logging because it was not enabled.
python(63228) MallocStackLogging: can't turn off malloc stack logging because it was not enabled.
python(63229) MallocStackLogging: can't turn off malloc stack logging because it was not enabled.
python(63230) MallocStackLogging: can't turn off malloc stack logging because it was not enabled.
python(63231) MallocStackLogging: can't turn off malloc stack logging because it was not enabled.
[gate] 7B mid_3_final released seed 0 T1 24/40 {'poly_diff': 20, 'expand2': 4}
python(63233) MallocStackLogging: can't turn off malloc stack logging because it was not enabled.
python(63234) MallocStackLogging: can't turn off malloc stack logging because it was not enabled.
python(63235) MallocStackLogging: can't turn off malloc stack logging because it was not enabled.
python(63236) MallocStackLogging: can't turn off malloc stack logging because it was not enabled.
python(63237) MallocStackLogging: can't turn off malloc stack logging because it was not enabled.
python(63238) MallocStackLogging: can't turn off malloc stack logging because it was not enabled.
python(63239) MallocStackLogging: can't turn off malloc stack logging because it was not enabled.
python(63240) MallocStackLogging: can't turn off malloc stack logging because it was not enabled.
python(63247) MallocStackLogging: can't turn off malloc stack logging because it was not enabled.
python(63248) MallocStackLogging: can't turn off malloc stack logging because it was not enabled.
python(63249) MallocStackLogging: can't turn off malloc stack logging because it was not enabled.
python(63250) MallocStackLogging: can't turn off malloc stack logging because it was not enabled.
python(63251) MallocStackLogging: can't turn off malloc stack logging because it was not enabled.
python(63252) MallocStackLogging: can't turn off malloc stack logging because it was not enabled.
python(63253) MallocStackLogging: can't turn off malloc stack logging because it was not enabled.
python(63254) MallocStackLogging: can't turn off malloc stack logging because it was not enabled.
python(63288) MallocStackLogging: can't turn off malloc stack logging because it was not enabled.
python(63289) MallocStackLogging: can't turn off malloc stack logging because it was not enabled.
python(63290) MallocStackLogging: can't turn off malloc stack logging because it was not enabled.
python(63291) MallocStackLogging: can't turn off malloc stack logging because it was not enabled.
python(63292) MallocStackLogging: can't turn off malloc stack logging because it was not enabled.
python(63293) MallocStackLogging: can't turn off malloc stack logging because it was not enabled.
python(63294) MallocStackLogging: can't turn off malloc stack logging because it was not enabled.
python(63295) MallocStackLogging: can't turn off malloc stack logging because it was not enabled.
python(63301) MallocStackLogging: can't turn off malloc stack logging because it was not enabled.
python(63302) MallocStackLogging: can't turn off malloc stack logging because it was not enabled.
python(63303) MallocStackLogging: can't turn off malloc stack logging because it was not enabled.
python(63304) MallocStackLogging: can't turn off malloc stack logging because it was not enabled.
python(63305) MallocStackLogging: can't turn off malloc stack logging because it was not enabled.
python(63306) MallocStackLogging: can't turn off malloc stack logging because it was not enabled.
python(63307) MallocStackLogging: can't turn off malloc stack logging because it was not enabled.
python(63308) MallocStackLogging: can't turn off malloc stack logging because it was not enabled.
python(63319) MallocStackLogging: can't turn off malloc stack logging because it was not enabled.
python(63320) MallocStackLogging: can't turn off malloc stack logging because it was not enabled.
python(63321) MallocStackLogging: can't turn off malloc stack logging because it was not enabled.
python(63322) MallocStackLogging: can't turn off malloc stack logging because it was not enabled.
python(63323) MallocStackLogging: can't turn off malloc stack logging because it was not enabled.
python(63324) MallocStackLogging: can't turn off malloc stack logging because it was not enabled.
python(63325) MallocStackLogging: can't turn off malloc stack logging because it was not enabled.
python(63326) MallocStackLogging: can't turn off malloc stack logging because it was not enabled.
[gate] 7B mid_3_final released seed 0 T2 29/40 {'prod_diff': 9, 'poly_int': 20}
python(63339) MallocStackLogging: can't turn off malloc stack logging because it was not enabled.
python(63340) MallocStackLogging: can't turn off malloc stack logging because it was not enabled.
python(63341) MallocStackLogging: can't turn off malloc stack logging because it was not enabled.
python(63342) MallocStackLogging: can't turn off malloc stack logging because it was not enabled.
python(63343) MallocStackLogging: can't turn off malloc stack logging because it was not enabled.
python(63344) MallocStackLogging: can't turn off malloc stack logging because it was not enabled.
python(63345) MallocStackLogging: can't turn off malloc stack logging because it was not enabled.
python(63346) MallocStackLogging: can't turn off malloc stack logging because it was not enabled.
python(63348) MallocStackLogging: can't turn off malloc stack logging because it was not enabled.
python(63349) MallocStackLogging: can't turn off malloc stack logging because it was not enabled.
python(63350) MallocStackLogging: can't turn off malloc stack logging because it was not enabled.
python(63351) MallocStackLogging: can't turn off malloc stack logging because it was not enabled.
python(63352) MallocStackLogging: can't turn off malloc stack logging because it was not enabled.
python(63353) MallocStackLogging: can't turn off malloc stack logging because it was not enabled.
python(63354) MallocStackLogging: can't turn off malloc stack logging because it was not enabled.
python(63355) MallocStackLogging: can't turn off malloc stack logging because it was not enabled.
python(63372) MallocStackLogging: can't turn off malloc stack logging because it was not enabled.
python(63373) MallocStackLogging: can't turn off malloc stack logging because it was not enabled.
python(63374) MallocStackLogging: can't turn off malloc stack logging because it was not enabled.
python(63375) MallocStackLogging: can't turn off malloc stack logging because it was not enabled.
python(63376) MallocStackLogging: can't turn off malloc stack logging because it was not enabled.
python(63377) MallocStackLogging: can't turn off malloc stack logging because it was not enabled.
python(63378) MallocStackLogging: can't turn off malloc stack logging because it was not enabled.
python(63379) MallocStackLogging: can't turn off malloc stack logging because it was not enabled.
python(63385) MallocStackLogging: can't turn off malloc stack logging because it was not enabled.
python(63388) MallocStackLogging: can't turn off malloc stack logging because it was not enabled.
python(63397) MallocStackLogging: can't turn off malloc stack logging because it was not enabled.
python(63398) MallocStackLogging: can't turn off malloc stack logging because it was not enabled.
python(63399) MallocStackLogging: can't turn off malloc stack logging because it was not enabled.
python(63400) MallocStackLogging: can't turn off malloc stack logging because it was not enabled.
python(63401) MallocStackLogging: can't turn off malloc stack logging because it was not enabled.
python(63402) MallocStackLogging: can't turn off malloc stack logging because it was not enabled.
python(63406) MallocStackLogging: can't turn off malloc stack logging because it was not enabled.
python(63407) MallocStackLogging: can't turn off malloc stack logging because it was not enabled.
python(63408) MallocStackLogging: can't turn off malloc stack logging because it was not enabled.
python(63409) MallocStackLogging: can't turn off malloc stack logging because it was not enabled.
python(63410) MallocStackLogging: can't turn off malloc stack logging because it was not enabled.
python(63411) MallocStackLogging: can't turn off malloc stack logging because it was not enabled.
python(63412) MallocStackLogging: can't turn off malloc stack logging because it was not enabled.
python(63413) MallocStackLogging: can't turn off malloc stack logging because it was not enabled.
[gate] 7B mid_3_final released seed 0 T4 21/40 {'second_diff': 4, 'xexp_int': 17}
python(63414) MallocStackLogging: can't turn off malloc stack logging because it was not enabled.
python(63415) MallocStackLogging: can't turn off malloc stack logging because it was not enabled.
python(63416) MallocStackLogging: can't turn off malloc stack logging because it was not enabled.
python(63417) MallocStackLogging: can't turn off malloc stack logging because it was not enabled.
python(63418) MallocStackLogging: can't turn off malloc stack logging because it was not enabled.
python(63419) MallocStackLogging: can't turn off malloc stack logging because it was not enabled.
python(63420) MallocStackLogging: can't turn off malloc stack logging because it was not enabled.
python(63421) MallocStackLogging: can't turn off malloc stack logging because it was not enabled.
python(63431) MallocStackLogging: can't turn off malloc stack logging because it was not enabled.
python(63432) MallocStackLogging: can't turn off malloc stack logging because it was not enabled.
python(63433) MallocStackLogging: can't turn off malloc stack logging because it was not enabled.
python(63434) MallocStackLogging: can't turn off malloc stack logging because it was not enabled.
python(63435) MallocStackLogging: can't turn off malloc stack logging because it was not enabled.
python(63436) MallocStackLogging: can't turn off malloc stack logging because it was not enabled.
python(63437) MallocStackLogging: can't turn off malloc stack logging because it was not enabled.
python(63438) MallocStackLogging: can't turn off malloc stack logging because it was not enabled.
python(63451) MallocStackLogging: can't turn off malloc stack logging because it was not enabled.
python(63452) MallocStackLogging: can't turn off malloc stack logging because it was not enabled.
python(63453) MallocStackLogging: can't turn off malloc stack logging because it was not enabled.
python(63454) MallocStackLogging: can't turn off malloc stack logging because it was not enabled.
python(63455) MallocStackLogging: can't turn off malloc stack logging because it was not enabled.
python(63456) MallocStackLogging: can't turn off malloc stack logging because it was not enabled.
python(63457) MallocStackLogging: can't turn off malloc stack logging because it was not enabled.
python(63458) MallocStackLogging: can't turn off malloc stack logging because it was not enabled.
python(63486) MallocStackLogging: can't turn off malloc stack logging because it was not enabled.
python(63487) MallocStackLogging: can't turn off malloc stack logging because it was not enabled.
python(63488) MallocStackLogging: can't turn off malloc stack logging because it was not enabled.
python(63489) MallocStackLogging: can't turn off malloc stack logging because it was not enabled.
python(63490) MallocStackLogging: can't turn off malloc stack logging because it was not enabled.
python(63491) MallocStackLogging: can't turn off malloc stack logging because it was not enabled.
python(63492) MallocStackLogging: can't turn off malloc stack logging because it was not enabled.
python(63493) MallocStackLogging: can't turn off malloc stack logging because it was not enabled.
python(63494) MallocStackLogging: can't turn off malloc stack logging because it was not enabled.
python(63495) MallocStackLogging: can't turn off malloc stack logging because it was not enabled.
python(63496) MallocStackLogging: can't turn off malloc stack logging because it was not enabled.
python(63497) MallocStackLogging: can't turn off malloc stack logging because it was not enabled.
python(63498) MallocStackLogging: can't turn off malloc stack logging because it was not enabled.
python(63499) MallocStackLogging: can't turn off malloc stack logging because it was not enabled.
python(63500) MallocStackLogging: can't turn off malloc stack logging because it was not enabled.
python(63501) MallocStackLogging: can't turn off malloc stack logging because it was not enabled.
[gate] 7B mid_3_final released seed 1 T1 29/40 {'poly_diff': 20, 'expand2': 9}
python(63502) MallocStackLogging: can't turn off malloc stack logging because it was not enabled.
python(63503) MallocStackLogging: can't turn off malloc stack logging because it was not enabled.
python(63504) MallocStackLogging: can't turn off malloc stack logging because it was not enabled.
python(63505) MallocStackLogging: can't turn off malloc stack logging because it was not enabled.
python(63506) MallocStackLogging: can't turn off malloc stack logging because it was not enabled.
python(63507) MallocStackLogging: can't turn off malloc stack logging because it was not enabled.
python(63508) MallocStackLogging: can't turn off malloc stack logging because it was not enabled.
python(63509) MallocStackLogging: can't turn off malloc stack logging because it was not enabled.
python(63523) MallocStackLogging: can't turn off malloc stack logging because it was not enabled.
python(63524) MallocStackLogging: can't turn off malloc stack logging because it was not enabled.
python(63525) MallocStackLogging: can't turn off malloc stack logging because it was not enabled.
python(63526) MallocStackLogging: can't turn off malloc stack logging because it was not enabled.
python(63527) MallocStackLogging: can't turn off malloc stack logging because it was not enabled.
python(63528) MallocStackLogging: can't turn off malloc stack logging because it was not enabled.
python(63529) MallocStackLogging: can't turn off malloc stack logging because it was not enabled.
python(63530) MallocStackLogging: can't turn off malloc stack logging because it was not enabled.
python(63544) MallocStackLogging: can't turn off malloc stack logging because it was not enabled.
python(63545) MallocStackLogging: can't turn off malloc stack logging because it was not enabled.
python(63546) MallocStackLogging: can't turn off malloc stack logging because it was not enabled.
python(63547) MallocStackLogging: can't turn off malloc stack logging because it was not enabled.
python(63548) MallocStackLogging: can't turn off malloc stack logging because it was not enabled.
python(63549) MallocStackLogging: can't turn off malloc stack logging because it was not enabled.
python(63550) MallocStackLogging: can't turn off malloc stack logging because it was not enabled.
python(63551) MallocStackLogging: can't turn off malloc stack logging because it was not enabled.
python(63553) MallocStackLogging: can't turn off malloc stack logging because it was not enabled.
python(63554) MallocStackLogging: can't turn off malloc stack logging because it was not enabled.
python(63555) MallocStackLogging: can't turn off malloc stack logging because it was not enabled.
python(63556) MallocStackLogging: can't turn off malloc stack logging because it was not enabled.
python(63557) MallocStackLogging: can't turn off malloc stack logging because it was not enabled.
python(63558) MallocStackLogging: can't turn off malloc stack logging because it was not enabled.
python(63559) MallocStackLogging: can't turn off malloc stack logging because it was not enabled.
python(63560) MallocStackLogging: can't turn off malloc stack logging because it was not enabled.
python(63561) MallocStackLogging: can't turn off malloc stack logging because it was not enabled.
python(63562) MallocStackLogging: can't turn off malloc stack logging because it was not enabled.
python(63563) MallocStackLogging: can't turn off malloc stack logging because it was not enabled.
python(63564) MallocStackLogging: can't turn off malloc stack logging because it was not enabled.
python(63565) MallocStackLogging: can't turn off malloc stack logging because it was not enabled.
python(63566) MallocStackLogging: can't turn off malloc stack logging because it was not enabled.
python(63567) MallocStackLogging: can't turn off malloc stack logging because it was not enabled.
python(63568) MallocStackLogging: can't turn off malloc stack logging because it was not enabled.
[gate] 7B mid_3_final released seed 1 T2 35/40 {'prod_diff': 15, 'poly_int': 20}
python(63601) MallocStackLogging: can't turn off malloc stack logging because it was not enabled.
python(63602) MallocStackLogging: can't turn off malloc stack logging because it was not enabled.
python(63603) MallocStackLogging: can't turn off malloc stack logging because it was not enabled.
python(63604) MallocStackLogging: can't turn off malloc stack logging because it was not enabled.
python(63605) MallocStackLogging: can't turn off malloc stack logging because it was not enabled.
python(63606) MallocStackLogging: can't turn off malloc stack logging because it was not enabled.
python(63607) MallocStackLogging: can't turn off malloc stack logging because it was not enabled.
python(63608) MallocStackLogging: can't turn off malloc stack logging because it was not enabled.
python(63612) MallocStackLogging: can't turn off malloc stack logging because it was not enabled.
python(63613) MallocStackLogging: can't turn off malloc stack logging because it was not enabled.
python(63614) MallocStackLogging: can't turn off malloc stack logging because it was not enabled.
python(63615) MallocStackLogging: can't turn off malloc stack logging because it was not enabled.
python(63616) MallocStackLogging: can't turn off malloc stack logging because it was not enabled.
python(63617) MallocStackLogging: can't turn off malloc stack logging because it was not enabled.
python(63618) MallocStackLogging: can't turn off malloc stack logging because it was not enabled.
python(63619) MallocStackLogging: can't turn off malloc stack logging because it was not enabled.
python(63620) MallocStackLogging: can't turn off malloc stack logging because it was not enabled.
python(63621) MallocStackLogging: can't turn off malloc stack logging because it was not enabled.
python(63622) MallocStackLogging: can't turn off malloc stack logging because it was not enabled.
python(63623) MallocStackLogging: can't turn off malloc stack logging because it was not enabled.
python(63624) MallocStackLogging: can't turn off malloc stack logging because it was not enabled.
python(63625) MallocStackLogging: can't turn off malloc stack logging because it was not enabled.
python(63626) MallocStackLogging: can't turn off malloc stack logging because it was not enabled.
python(63627) MallocStackLogging: can't turn off malloc stack logging because it was not enabled.
python(63634) MallocStackLogging: can't turn off malloc stack logging because it was not enabled.
python(63635) MallocStackLogging: can't turn off malloc stack logging because it was not enabled.
python(63636) MallocStackLogging: can't turn off malloc stack logging because it was not enabled.
python(63637) MallocStackLogging: can't turn off malloc stack logging because it was not enabled.
python(63638) MallocStackLogging: can't turn off malloc stack logging because it was not enabled.
python(63639) MallocStackLogging: can't turn off malloc stack logging because it was not enabled.
python(63640) MallocStackLogging: can't turn off malloc stack logging because it was not enabled.
python(63641) MallocStackLogging: can't turn off malloc stack logging because it was not enabled.
python(63695) MallocStackLogging: can't turn off malloc stack logging because it was not enabled.
python(63696) MallocStackLogging: can't turn off malloc stack logging because it was not enabled.
python(63697) MallocStackLogging: can't turn off malloc stack logging because it was not enabled.
python(63698) MallocStackLogging: can't turn off malloc stack logging because it was not enabled.
python(63699) MallocStackLogging: can't turn off malloc stack logging because it was not enabled.
python(63700) MallocStackLogging: can't turn off malloc stack logging because it was not enabled.
python(63701) MallocStackLogging: can't turn off malloc stack logging because it was not enabled.
python(63702) MallocStackLogging: can't turn off malloc stack logging because it was not enabled.
[gate] 7B mid_3_final released seed 1 T4 22/40 {'second_diff': 3, 'xexp_int': 19}
[pair] 7B mid_3_final->mid_4_final rel=0.08268 centroid=0.5397923599026546 lag1=None ident=0/327 20138s
[ERROR] `cache_position` is part of K2HorizonModel.forward's signature, but not documented. Make sure to add it to the docstring of the function in /Users/artin/.cache/huggingface/modules/transformers_modules/mid_4_final/61ad561839604e4f/modeling_k2_horizon.py.
[ERROR] `cache_position` is part of K2HorizonForCausalLM.forward's signature, but not documented. Make sure to add it to the docstring of the function in /Users/artin/.cache/huggingface/modules/transformers_modules/mid_4_final/61ad561839604e4f/modeling_k2_horizon.py.
Loading weights:   0%|          | 0/327 [00:00<?, ?it/s]Loading weights: 100%|██████████| 327/327 [00:00<00:00, 6200.24it/s]
python(64518) MallocStackLogging: can't turn off malloc stack logging because it was not enabled.
python(64519) MallocStackLogging: can't turn off malloc stack logging because it was not enabled.
python(64520) MallocStackLogging: can't turn off malloc stack logging because it was not enabled.
python(64521) MallocStackLogging: can't turn off malloc stack logging because it was not enabled.
python(64522) MallocStackLogging: can't turn off malloc stack logging because it was not enabled.
python(64523) MallocStackLogging: can't turn off malloc stack logging because it was not enabled.
python(64524) MallocStackLogging: can't turn off malloc stack logging because it was not enabled.
python(64525) MallocStackLogging: can't turn off malloc stack logging because it was not enabled.
python(64526) MallocStackLogging: can't turn off malloc stack logging because it was not enabled.
python(64527) MallocStackLogging: can't turn off malloc stack logging because it was not enabled.
python(64528) MallocStackLogging: can't turn off malloc stack logging because it was not enabled.
python(64529) MallocStackLogging: can't turn off malloc stack logging because it was not enabled.
python(64530) MallocStackLogging: can't turn off malloc stack logging because it was not enabled.
python(64531) MallocStackLogging: can't turn off malloc stack logging because it was not enabled.
python(64532) MallocStackLogging: can't turn off malloc stack logging because it was not enabled.
python(64533) MallocStackLogging: can't turn off malloc stack logging because it was not enabled.
python(64576) MallocStackLogging: can't turn off malloc stack logging because it was not enabled.
python(64577) MallocStackLogging: can't turn off malloc stack logging because it was not enabled.
python(64578) MallocStackLogging: can't turn off malloc stack logging because it was not enabled.
python(64579) MallocStackLogging: can't turn off malloc stack logging because it was not enabled.
python(64580) MallocStackLogging: can't turn off malloc stack logging because it was not enabled.
python(64581) MallocStackLogging: can't turn off malloc stack logging because it was not enabled.
python(64582) MallocStackLogging: can't turn off malloc stack logging because it was not enabled.
python(64583) MallocStackLogging: can't turn off malloc stack logging because it was not enabled.
python(64706) MallocStackLogging: can't turn off malloc stack logging because it was not enabled.
python(64707) MallocStackLogging: can't turn off malloc stack logging because it was not enabled.
python(64708) MallocStackLogging: can't turn off malloc stack logging because it was not enabled.
python(64709) MallocStackLogging: can't turn off malloc stack logging because it was not enabled.
python(64710) MallocStackLogging: can't turn off malloc stack logging because it was not enabled.
python(64711) MallocStackLogging: can't turn off malloc stack logging because it was not enabled.
python(64712) MallocStackLogging: can't turn off malloc stack logging because it was not enabled.
python(64713) MallocStackLogging: can't turn off malloc stack logging because it was not enabled.
python(64722) MallocStackLogging: can't turn off malloc stack logging because it was not enabled.
python(64723) MallocStackLogging: can't turn off malloc stack logging because it was not enabled.
python(64724) MallocStackLogging: can't turn off malloc stack logging because it was not enabled.
python(64725) MallocStackLogging: can't turn off malloc stack logging because it was not enabled.
python(64726) MallocStackLogging: can't turn off malloc stack logging because it was not enabled.
python(64727) MallocStackLogging: can't turn off malloc stack logging because it was not enabled.
python(64728) MallocStackLogging: can't turn off malloc stack logging because it was not enabled.
python(64729) MallocStackLogging: can't turn off malloc stack logging because it was not enabled.
[gate] 7B mid_4_final released seed 0 T1 27/40 {'poly_diff': 20, 'expand2': 7}
python(64730) MallocStackLogging: can't turn off malloc stack logging because it was not enabled.
python(64731) MallocStackLogging: can't turn off malloc stack logging because it was not enabled.
python(64732) MallocStackLogging: can't turn off malloc stack logging because it was not enabled.
python(64733) MallocStackLogging: can't turn off malloc stack logging because it was not enabled.
python(64734) MallocStackLogging: can't turn off malloc stack logging because it was not enabled.
python(64735) MallocStackLogging: can't turn off malloc stack logging because it was not enabled.
python(64736) MallocStackLogging: can't turn off malloc stack logging because it was not enabled.
python(64737) MallocStackLogging: can't turn off malloc stack logging because it was not enabled.
python(64760) MallocStackLogging: can't turn off malloc stack logging because it was not enabled.
python(64761) MallocStackLogging: can't turn off malloc stack logging because it was not enabled.
python(64764) MallocStackLogging: can't turn off malloc stack logging because it was not enabled.
python(64765) MallocStackLogging: can't turn off malloc stack logging because it was not enabled.
python(64768) MallocStackLogging: can't turn off malloc stack logging because it was not enabled.
python(64769) MallocStackLogging: can't turn off malloc stack logging because it was not enabled.
python(64770) MallocStackLogging: can't turn off malloc stack logging because it was not enabled.
python(64771) MallocStackLogging: can't turn off malloc stack logging because it was not enabled.
python(64805) MallocStackLogging: can't turn off malloc stack logging because it was not enabled.
python(64806) MallocStackLogging: can't turn off malloc stack logging because it was not enabled.
python(64807) MallocStackLogging: can't turn off malloc stack logging because it was not enabled.
python(64808) MallocStackLogging: can't turn off malloc stack logging because it was not enabled.
python(64809) MallocStackLogging: can't turn off malloc stack logging because it was not enabled.
python(64810) MallocStackLogging: can't turn off malloc stack logging because it was not enabled.
python(64811) MallocStackLogging: can't turn off malloc stack logging because it was not enabled.
python(64812) MallocStackLogging: can't turn off malloc stack logging because it was not enabled.
python(64813) MallocStackLogging: can't turn off malloc stack logging because it was not enabled.
python(64814) MallocStackLogging: can't turn off malloc stack logging because it was not enabled.
python(64815) MallocStackLogging: can't turn off malloc stack logging because it was not enabled.
python(64816) MallocStackLogging: can't turn off malloc stack logging because it was not enabled.
python(64817) MallocStackLogging: can't turn off malloc stack logging because it was not enabled.
python(64818) MallocStackLogging: can't turn off malloc stack logging because it was not enabled.
python(64819) MallocStackLogging: can't turn off malloc stack logging because it was not enabled.
python(64820) MallocStackLogging: can't turn off malloc stack logging because it was not enabled.
python(64832) MallocStackLogging: can't turn off malloc stack logging because it was not enabled.
python(64833) MallocStackLogging: can't turn off malloc stack logging because it was not enabled.
python(64834) MallocStackLogging: can't turn off malloc stack logging because it was not enabled.
python(64835) MallocStackLogging: can't turn off malloc stack logging because it was not enabled.
python(64836) MallocStackLogging: can't turn off malloc stack logging because it was not enabled.
python(64837) MallocStackLogging: can't turn off malloc stack logging because it was not enabled.
python(64838) MallocStackLogging: can't turn off malloc stack logging because it was not enabled.
python(64839) MallocStackLogging: can't turn off malloc stack logging because it was not enabled.
[gate] 7B mid_4_final released seed 0 T2 27/40 {'prod_diff': 7, 'poly_int': 20}
python(64860) MallocStackLogging: can't turn off malloc stack logging because it was not enabled.
python(64861) MallocStackLogging: can't turn off malloc stack logging because it was not enabled.
python(64862) MallocStackLogging: can't turn off malloc stack logging because it was not enabled.
python(64863) MallocStackLogging: can't turn off malloc stack logging because it was not enabled.
python(64864) MallocStackLogging: can't turn off malloc stack logging because it was not enabled.
python(64865) MallocStackLogging: can't turn off malloc stack logging because it was not enabled.
python(64866) MallocStackLogging: can't turn off malloc stack logging because it was not enabled.
python(64867) MallocStackLogging: can't turn off malloc stack logging because it was not enabled.
python(64873) MallocStackLogging: can't turn off malloc stack logging because it was not enabled.
python(64874) MallocStackLogging: can't turn off malloc stack logging because it was not enabled.
python(64875) MallocStackLogging: can't turn off malloc stack logging because it was not enabled.
python(64876) MallocStackLogging: can't turn off malloc stack logging because it was not enabled.
python(64877) MallocStackLogging: can't turn off malloc stack logging because it was not enabled.
python(64878) MallocStackLogging: can't turn off malloc stack logging because it was not enabled.
python(64879) MallocStackLogging: can't turn off malloc stack logging because it was not enabled.
python(64880) MallocStackLogging: can't turn off malloc stack logging because it was not enabled.
python(64885) MallocStackLogging: can't turn off malloc stack logging because it was not enabled.
python(64886) MallocStackLogging: can't turn off malloc stack logging because it was not enabled.
python(64887) MallocStackLogging: can't turn off malloc stack logging because it was not enabled.
python(64888) MallocStackLogging: can't turn off malloc stack logging because it was not enabled.
python(64889) MallocStackLogging: can't turn off malloc stack logging because it was not enabled.
python(64890) MallocStackLogging: can't turn off malloc stack logging because it was not enabled.
python(64891) MallocStackLogging: can't turn off malloc stack logging because it was not enabled.
python(64892) MallocStackLogging: can't turn off malloc stack logging because it was not enabled.
python(64905) MallocStackLogging: can't turn off malloc stack logging because it was not enabled.
python(64906) MallocStackLogging: can't turn off malloc stack logging because it was not enabled.
python(64907) MallocStackLogging: can't turn off malloc stack logging because it was not enabled.
python(64908) MallocStackLogging: can't turn off malloc stack logging because it was not enabled.
python(64909) MallocStackLogging: can't turn off malloc stack logging because it was not enabled.
python(64910) MallocStackLogging: can't turn off malloc stack logging because it was not enabled.
python(64911) MallocStackLogging: can't turn off malloc stack logging because it was not enabled.
python(64912) MallocStackLogging: can't turn off malloc stack logging because it was not enabled.
python(64919) MallocStackLogging: can't turn off malloc stack logging because it was not enabled.
python(64920) MallocStackLogging: can't turn off malloc stack logging because it was not enabled.
python(64921) MallocStackLogging: can't turn off malloc stack logging because it was not enabled.
python(64922) MallocStackLogging: can't turn off malloc stack logging because it was not enabled.
python(64923) MallocStackLogging: can't turn off malloc stack logging because it was not enabled.
python(64924) MallocStackLogging: can't turn off malloc stack logging because it was not enabled.
python(64925) MallocStackLogging: can't turn off malloc stack logging because it was not enabled.
python(64926) MallocStackLogging: can't turn off malloc stack logging because it was not enabled.
[gate] 7B mid_4_final released seed 0 T4 20/40 {'second_diff': 1, 'xexp_int': 19}
python(64935) MallocStackLogging: can't turn off malloc stack logging because it was not enabled.
python(64936) MallocStackLogging: can't turn off malloc stack logging because it was not enabled.
python(64937) MallocStackLogging: can't turn off malloc stack logging because it was not enabled.
python(64938) MallocStackLogging: can't turn off malloc stack logging because it was not enabled.
python(64939) MallocStackLogging: can't turn off malloc stack logging because it was not enabled.
python(64940) MallocStackLogging: can't turn off malloc stack logging because it was not enabled.
python(64941) MallocStackLogging: can't turn off malloc stack logging because it was not enabled.
python(64942) MallocStackLogging: can't turn off malloc stack logging because it was not enabled.
python(64949) MallocStackLogging: can't turn off malloc stack logging because it was not enabled.
python(64950) MallocStackLogging: can't turn off malloc stack logging because it was not enabled.
python(64951) MallocStackLogging: can't turn off malloc stack logging because it was not enabled.
python(64952) MallocStackLogging: can't turn off malloc stack logging because it was not enabled.
python(64953) MallocStackLogging: can't turn off malloc stack logging because it was not enabled.
python(64954) MallocStackLogging: can't turn off malloc stack logging because it was not enabled.
python(64955) MallocStackLogging: can't turn off malloc stack logging because it was not enabled.
python(64956) MallocStackLogging: can't turn off malloc stack logging because it was not enabled.
python(64970) MallocStackLogging: can't turn off malloc stack logging because it was not enabled.
python(64971) MallocStackLogging: can't turn off malloc stack logging because it was not enabled.
python(64972) MallocStackLogging: can't turn off malloc stack logging because it was not enabled.
python(64973) MallocStackLogging: can't turn off malloc stack logging because it was not enabled.
python(64974) MallocStackLogging: can't turn off malloc stack logging because it was not enabled.
python(64975) MallocStackLogging: can't turn off malloc stack logging because it was not enabled.
python(64976) MallocStackLogging: can't turn off malloc stack logging because it was not enabled.
python(64977) MallocStackLogging: can't turn off malloc stack logging because it was not enabled.
python(65013) MallocStackLogging: can't turn off malloc stack logging because it was not enabled.
python(65014) MallocStackLogging: can't turn off malloc stack logging because it was not enabled.
python(65015) MallocStackLogging: can't turn off malloc stack logging because it was not enabled.
python(65016) MallocStackLogging: can't turn off malloc stack logging because it was not enabled.
python(65017) MallocStackLogging: can't turn off malloc stack logging because it was not enabled.
python(65018) MallocStackLogging: can't turn off malloc stack logging because it was not enabled.
python(65019) MallocStackLogging: can't turn off malloc stack logging because it was not enabled.
python(65020) MallocStackLogging: can't turn off malloc stack logging because it was not enabled.
python(65030) MallocStackLogging: can't turn off malloc stack logging because it was not enabled.
python(65031) MallocStackLogging: can't turn off malloc stack logging because it was not enabled.
python(65032) MallocStackLogging: can't turn off malloc stack logging because it was not enabled.
python(65033) MallocStackLogging: can't turn off malloc stack logging because it was not enabled.
python(65034) MallocStackLogging: can't turn off malloc stack logging because it was not enabled.
python(65035) MallocStackLogging: can't turn off malloc stack logging because it was not enabled.
python(65036) MallocStackLogging: can't turn off malloc stack logging because it was not enabled.
python(65037) MallocStackLogging: can't turn off malloc stack logging because it was not enabled.
[gate] 7B mid_4_final released seed 1 T1 26/40 {'poly_diff': 20, 'expand2': 6}
python(65038) MallocStackLogging: can't turn off malloc stack logging because it was not enabled.
python(65039) MallocStackLogging: can't turn off malloc stack logging because it was not enabled.
python(65040) MallocStackLogging: can't turn off malloc stack logging because it was not enabled.
python(65041) MallocStackLogging: can't turn off malloc stack logging because it was not enabled.
python(65042) MallocStackLogging: can't turn off malloc stack logging because it was not enabled.
python(65043) MallocStackLogging: can't turn off malloc stack logging because it was not enabled.
python(65044) MallocStackLogging: can't turn off malloc stack logging because it was not enabled.
python(65045) MallocStackLogging: can't turn off malloc stack logging because it was not enabled.
python(65058) MallocStackLogging: can't turn off malloc stack logging because it was not enabled.
python(65059) MallocStackLogging: can't turn off malloc stack logging because it was not enabled.
python(65060) MallocStackLogging: can't turn off malloc stack logging because it was not enabled.
python(65061) MallocStackLogging: can't turn off malloc stack logging because it was not enabled.
python(65062) MallocStackLogging: can't turn off malloc stack logging because it was not enabled.
python(65063) MallocStackLogging: can't turn off malloc stack logging because it was not enabled.
python(65064) MallocStackLogging: can't turn off malloc stack logging because it was not enabled.
python(65065) MallocStackLogging: can't turn off malloc stack logging because it was not enabled.
python(65075) MallocStackLogging: can't turn off malloc stack logging because it was not enabled.
python(65076) MallocStackLogging: can't turn off malloc stack logging because it was not enabled.
python(65077) MallocStackLogging: can't turn off malloc stack logging because it was not enabled.
python(65078) MallocStackLogging: can't turn off malloc stack logging because it was not enabled.
python(65079) MallocStackLogging: can't turn off malloc stack logging because it was not enabled.
python(65080) MallocStackLogging: can't turn off malloc stack logging because it was not enabled.
python(65081) MallocStackLogging: can't turn off malloc stack logging because it was not enabled.
python(65082) MallocStackLogging: can't turn off malloc stack logging because it was not enabled.
python(65083) MallocStackLogging: can't turn off malloc stack logging because it was not enabled.
python(65084) MallocStackLogging: can't turn off malloc stack logging because it was not enabled.
python(65085) MallocStackLogging: can't turn off malloc stack logging because it was not enabled.
python(65086) MallocStackLogging: can't turn off malloc stack logging because it was not enabled.
python(65087) MallocStackLogging: can't turn off malloc stack logging because it was not enabled.
python(65088) MallocStackLogging: can't turn off malloc stack logging because it was not enabled.
python(65089) MallocStackLogging: can't turn off malloc stack logging because it was not enabled.
python(65090) MallocStackLogging: can't turn off malloc stack logging because it was not enabled.
python(65091) MallocStackLogging: can't turn off malloc stack logging because it was not enabled.
python(65092) MallocStackLogging: can't turn off malloc stack logging because it was not enabled.
python(65093) MallocStackLogging: can't turn off malloc stack logging because it was not enabled.
python(65094) MallocStackLogging: can't turn off malloc stack logging because it was not enabled.
python(65095) MallocStackLogging: can't turn off malloc stack logging because it was not enabled.
python(65096) MallocStackLogging: can't turn off malloc stack logging because it was not enabled.
python(65097) MallocStackLogging: can't turn off malloc stack logging because it was not enabled.
python(65098) MallocStackLogging: can't turn off malloc stack logging because it was not enabled.
[gate] 7B mid_4_final released seed 1 T2 36/40 {'prod_diff': 16, 'poly_int': 20}
python(65111) MallocStackLogging: can't turn off malloc stack logging because it was not enabled.
python(65112) MallocStackLogging: can't turn off malloc stack logging because it was not enabled.
python(65113) MallocStackLogging: can't turn off malloc stack logging because it was not enabled.
python(65114) MallocStackLogging: can't turn off malloc stack logging because it was not enabled.
python(65115) MallocStackLogging: can't turn off malloc stack logging because it was not enabled.
python(65116) MallocStackLogging: can't turn off malloc stack logging because it was not enabled.
python(65117) MallocStackLogging: can't turn off malloc stack logging because it was not enabled.
python(65119) MallocStackLogging: can't turn off malloc stack logging because it was not enabled.
python(65125) MallocStackLogging: can't turn off malloc stack logging because it was not enabled.
python(65126) MallocStackLogging: can't turn off malloc stack logging because it was not enabled.
python(65127) MallocStackLogging: can't turn off malloc stack logging because it was not enabled.
python(65128) MallocStackLogging: can't turn off malloc stack logging because it was not enabled.
python(65133) MallocStackLogging: can't turn off malloc stack logging because it was not enabled.
python(65134) MallocStackLogging: can't turn off malloc stack logging because it was not enabled.
python(65135) MallocStackLogging: can't turn off malloc stack logging because it was not enabled.
python(65136) MallocStackLogging: can't turn off malloc stack logging because it was not enabled.
python(65137) MallocStackLogging: can't turn off malloc stack logging because it was not enabled.
python(65138) MallocStackLogging: can't turn off malloc stack logging because it was not enabled.
python(65139) MallocStackLogging: can't turn off malloc stack logging because it was not enabled.
python(65140) MallocStackLogging: can't turn off malloc stack logging because it was not enabled.
python(65141) MallocStackLogging: can't turn off malloc stack logging because it was not enabled.
python(65142) MallocStackLogging: can't turn off malloc stack logging because it was not enabled.
python(65143) MallocStackLogging: can't turn off malloc stack logging because it was not enabled.
python(65144) MallocStackLogging: can't turn off malloc stack logging because it was not enabled.
python(65157) MallocStackLogging: can't turn off malloc stack logging because it was not enabled.
python(65158) MallocStackLogging: can't turn off malloc stack logging because it was not enabled.
python(65159) MallocStackLogging: can't turn off malloc stack logging because it was not enabled.
python(65160) MallocStackLogging: can't turn off malloc stack logging because it was not enabled.
python(65161) MallocStackLogging: can't turn off malloc stack logging because it was not enabled.
python(65162) MallocStackLogging: can't turn off malloc stack logging because it was not enabled.
python(65163) MallocStackLogging: can't turn off malloc stack logging because it was not enabled.
python(65164) MallocStackLogging: can't turn off malloc stack logging because it was not enabled.
python(65192) MallocStackLogging: can't turn off malloc stack logging because it was not enabled.
python(65194) MallocStackLogging: can't turn off malloc stack logging because it was not enabled.
python(65195) MallocStackLogging: can't turn off malloc stack logging because it was not enabled.
python(65196) MallocStackLogging: can't turn off malloc stack logging because it was not enabled.
python(65202) MallocStackLogging: can't turn off malloc stack logging because it was not enabled.
python(65205) MallocStackLogging: can't turn off malloc stack logging because it was not enabled.
python(65206) MallocStackLogging: can't turn off malloc stack logging because it was not enabled.
python(65207) MallocStackLogging: can't turn off malloc stack logging because it was not enabled.
[gate] 7B mid_4_final released seed 1 T4 21/40 {'second_diff': 2, 'xexp_int': 19}
[pair] 7B mid_4_final->sft_1_final rel=0.09505 centroid=0.5448224539181417 lag1=None ident=0/327 22304s
[ERROR] `cache_position` is part of K2HorizonModel.forward's signature, but not documented. Make sure to add it to the docstring of the function in /Users/artin/.cache/huggingface/modules/transformers_modules/sft_1_final/61ad561839604e4f/modeling_k2_horizon.py.
[ERROR] `cache_position` is part of K2HorizonForCausalLM.forward's signature, but not documented. Make sure to add it to the docstring of the function in /Users/artin/.cache/huggingface/modules/transformers_modules/sft_1_final/61ad561839604e4f/modeling_k2_horizon.py.
Loading weights:   0%|          | 0/327 [00:00<?, ?it/s]Loading weights: 100%|██████████| 327/327 [00:00<00:00, 5739.66it/s]
python(65973) MallocStackLogging: can't turn off malloc stack logging because it was not enabled.
python(65974) MallocStackLogging: can't turn off malloc stack logging because it was not enabled.
python(65975) MallocStackLogging: can't turn off malloc stack logging because it was not enabled.
python(65976) MallocStackLogging: can't turn off malloc stack logging because it was not enabled.
python(65977) MallocStackLogging: can't turn off malloc stack logging because it was not enabled.
python(65978) MallocStackLogging: can't turn off malloc stack logging because it was not enabled.
python(65979) MallocStackLogging: can't turn off malloc stack logging because it was not enabled.
python(65980) MallocStackLogging: can't turn off malloc stack logging because it was not enabled.
python(65983) MallocStackLogging: can't turn off malloc stack logging because it was not enabled.
python(65984) MallocStackLogging: can't turn off malloc stack logging because it was not enabled.
python(65985) MallocStackLogging: can't turn off malloc stack logging because it was not enabled.
python(65986) MallocStackLogging: can't turn off malloc stack logging because it was not enabled.
python(65987) MallocStackLogging: can't turn off malloc stack logging because it was not enabled.
python(65988) MallocStackLogging: can't turn off malloc stack logging because it was not enabled.
python(65989) MallocStackLogging: can't turn off malloc stack logging because it was not enabled.
python(65990) MallocStackLogging: can't turn off malloc stack logging because it was not enabled.
python(65991) MallocStackLogging: can't turn off malloc stack logging because it was not enabled.
python(65992) MallocStackLogging: can't turn off malloc stack logging because it was not enabled.
python(65993) MallocStackLogging: can't turn off malloc stack logging because it was not enabled.
python(65994) MallocStackLogging: can't turn off malloc stack logging because it was not enabled.
python(65995) MallocStackLogging: can't turn off malloc stack logging because it was not enabled.
python(65996) MallocStackLogging: can't turn off malloc stack logging because it was not enabled.
python(65997) MallocStackLogging: can't turn off malloc stack logging because it was not enabled.
python(65998) MallocStackLogging: can't turn off malloc stack logging because it was not enabled.
python(66040) MallocStackLogging: can't turn off malloc stack logging because it was not enabled.
python(66041) MallocStackLogging: can't turn off malloc stack logging because it was not enabled.
python(66042) MallocStackLogging: can't turn off malloc stack logging because it was not enabled.
python(66043) MallocStackLogging: can't turn off malloc stack logging because it was not enabled.
python(66044) MallocStackLogging: can't turn off malloc stack logging because it was not enabled.
python(66045) MallocStackLogging: can't turn off malloc stack logging because it was not enabled.
python(66046) MallocStackLogging: can't turn off malloc stack logging because it was not enabled.
python(66047) MallocStackLogging: can't turn off malloc stack logging because it was not enabled.
python(66168) MallocStackLogging: can't turn off malloc stack logging because it was not enabled.
python(66169) MallocStackLogging: can't turn off malloc stack logging because it was not enabled.
python(66170) MallocStackLogging: can't turn off malloc stack logging because it was not enabled.
python(66171) MallocStackLogging: can't turn off malloc stack logging because it was not enabled.
python(66172) MallocStackLogging: can't turn off malloc stack logging because it was not enabled.
python(66173) MallocStackLogging: can't turn off malloc stack logging because it was not enabled.
python(66174) MallocStackLogging: can't turn off malloc stack logging because it was not enabled.
python(66175) MallocStackLogging: can't turn off malloc stack logging because it was not enabled.
[gate] 7B sft_1_final released seed 0 T1 25/40 {'poly_diff': 20, 'expand2': 5}
python(66178) MallocStackLogging: can't turn off malloc stack logging because it was not enabled.
python(66179) MallocStackLogging: can't turn off malloc stack logging because it was not enabled.
python(66180) MallocStackLogging: can't turn off malloc stack logging because it was not enabled.
python(66181) MallocStackLogging: can't turn off malloc stack logging because it was not enabled.
python(66182) MallocStackLogging: can't turn off malloc stack logging because it was not enabled.
python(66183) MallocStackLogging: can't turn off malloc stack logging because it was not enabled.
python(66184) MallocStackLogging: can't turn off malloc stack logging because it was not enabled.
python(66185) MallocStackLogging: can't turn off malloc stack logging because it was not enabled.
python(66186) MallocStackLogging: can't turn off malloc stack logging because it was not enabled.
python(66187) MallocStackLogging: can't turn off malloc stack logging because it was not enabled.
python(66188) MallocStackLogging: can't turn off malloc stack logging because it was not enabled.
python(66189) MallocStackLogging: can't turn off malloc stack logging because it was not enabled.
python(66190) MallocStackLogging: can't turn off malloc stack logging because it was not enabled.
python(66191) MallocStackLogging: can't turn off malloc stack logging because it was not enabled.
python(66192) MallocStackLogging: can't turn off malloc stack logging because it was not enabled.
python(66193) MallocStackLogging: can't turn off malloc stack logging because it was not enabled.
python(66205) MallocStackLogging: can't turn off malloc stack logging because it was not enabled.
python(66206) MallocStackLogging: can't turn off malloc stack logging because it was not enabled.
python(66207) MallocStackLogging: can't turn off malloc stack logging because it was not enabled.
python(66208) MallocStackLogging: can't turn off malloc stack logging because it was not enabled.
python(66209) MallocStackLogging: can't turn off malloc stack logging because it was not enabled.
python(66210) MallocStackLogging: can't turn off malloc stack logging because it was not enabled.
python(66211) MallocStackLogging: can't turn off malloc stack logging because it was not enabled.
python(66212) MallocStackLogging: can't turn off malloc stack logging because it was not enabled.
python(66237) MallocStackLogging: can't turn off malloc stack logging because it was not enabled.
python(66238) MallocStackLogging: can't turn off malloc stack logging because it was not enabled.
python(66239) MallocStackLogging: can't turn off malloc stack logging because it was not enabled.
python(66240) MallocStackLogging: can't turn off malloc stack logging because it was not enabled.
python(66241) MallocStackLogging: can't turn off malloc stack logging because it was not enabled.
python(66242) MallocStackLogging: can't turn off malloc stack logging because it was not enabled.
python(66243) MallocStackLogging: can't turn off malloc stack logging because it was not enabled.
python(66244) MallocStackLogging: can't turn off malloc stack logging because it was not enabled.
python(66247) MallocStackLogging: can't turn off malloc stack logging because it was not enabled.
python(66248) MallocStackLogging: can't turn off malloc stack logging because it was not enabled.
python(66249) MallocStackLogging: can't turn off malloc stack logging because it was not enabled.
python(66250) MallocStackLogging: can't turn off malloc stack logging because it was not enabled.
python(66251) MallocStackLogging: can't turn off malloc stack logging because it was not enabled.
python(66252) MallocStackLogging: can't turn off malloc stack logging because it was not enabled.
python(66253) MallocStackLogging: can't turn off malloc stack logging because it was not enabled.
python(66254) MallocStackLogging: can't turn off malloc stack logging because it was not enabled.
[gate] 7B sft_1_final released seed 0 T2 29/40 {'prod_diff': 9, 'poly_int': 20}
python(66265) MallocStackLogging: can't turn off malloc stack logging because it was not enabled.
python(66266) MallocStackLogging: can't turn off malloc stack logging because it was not enabled.
python(66267) MallocStackLogging: can't turn off malloc stack logging because it was not enabled.
python(66268) MallocStackLogging: can't turn off malloc stack logging because it was not enabled.
python(66269) MallocStackLogging: can't turn off malloc stack logging because it was not enabled.
python(66270) MallocStackLogging: can't turn off malloc stack logging because it was not enabled.
python(66271) MallocStackLogging: can't turn off malloc stack logging because it was not enabled.
python(66272) MallocStackLogging: can't turn off malloc stack logging because it was not enabled.
python(66274) MallocStackLogging: can't turn off malloc stack logging because it was not enabled.
python(66275) MallocStackLogging: can't turn off malloc stack logging because it was not enabled.
python(66276) MallocStackLogging: can't turn off malloc stack logging because it was not enabled.
python(66277) MallocStackLogging: can't turn off malloc stack logging because it was not enabled.
python(66278) MallocStackLogging: can't turn off malloc stack logging because it was not enabled.
python(66279) MallocStackLogging: can't turn off malloc stack logging because it was not enabled.
python(66280) MallocStackLogging: can't turn off malloc stack logging because it was not enabled.
python(66281) MallocStackLogging: can't turn off malloc stack logging because it was not enabled.
python(66283) MallocStackLogging: can't turn off malloc stack logging because it was not enabled.
python(66284) MallocStackLogging: can't turn off malloc stack logging because it was not enabled.
python(66285) MallocStackLogging: can't turn off malloc stack logging because it was not enabled.
python(66286) MallocStackLogging: can't turn off malloc stack logging because it was not enabled.
python(66287) MallocStackLogging: can't turn off malloc stack logging because it was not enabled.
python(66288) MallocStackLogging: can't turn off malloc stack logging because it was not enabled.
python(66289) MallocStackLogging: can't turn off malloc stack logging because it was not enabled.
python(66290) MallocStackLogging: can't turn off malloc stack logging because it was not enabled.
python(66293) MallocStackLogging: can't turn off malloc stack logging because it was not enabled.
python(66294) MallocStackLogging: can't turn off malloc stack logging because it was not enabled.
python(66295) MallocStackLogging: can't turn off malloc stack logging because it was not enabled.
python(66296) MallocStackLogging: can't turn off malloc stack logging because it was not enabled.
python(66297) MallocStackLogging: can't turn off malloc stack logging because it was not enabled.
python(66298) MallocStackLogging: can't turn off malloc stack logging because it was not enabled.
python(66299) MallocStackLogging: can't turn off malloc stack logging because it was not enabled.
python(66300) MallocStackLogging: can't turn off malloc stack logging because it was not enabled.
python(66313) MallocStackLogging: can't turn off malloc stack logging because it was not enabled.
python(66314) MallocStackLogging: can't turn off malloc stack logging because it was not enabled.
python(66315) MallocStackLogging: can't turn off malloc stack logging because it was not enabled.
python(66316) MallocStackLogging: can't turn off malloc stack logging because it was not enabled.
python(66317) MallocStackLogging: can't turn off malloc stack logging because it was not enabled.
python(66318) MallocStackLogging: can't turn off malloc stack logging because it was not enabled.
python(66319) MallocStackLogging: can't turn off malloc stack logging because it was not enabled.
python(66320) MallocStackLogging: can't turn off malloc stack logging because it was not enabled.
[gate] 7B sft_1_final released seed 0 T4 18/40 {'second_diff': 2, 'xexp_int': 16}
python(66331) MallocStackLogging: can't turn off malloc stack logging because it was not enabled.
python(66332) MallocStackLogging: can't turn off malloc stack logging because it was not enabled.
python(66333) MallocStackLogging: can't turn off malloc stack logging because it was not enabled.
python(66334) MallocStackLogging: can't turn off malloc stack logging because it was not enabled.
python(66335) MallocStackLogging: can't turn off malloc stack logging because it was not enabled.
python(66336) MallocStackLogging: can't turn off malloc stack logging because it was not enabled.
python(66337) MallocStackLogging: can't turn off malloc stack logging because it was not enabled.
python(66338) MallocStackLogging: can't turn off malloc stack logging because it was not enabled.
python(66341) MallocStackLogging: can't turn off malloc stack logging because it was not enabled.
python(66342) MallocStackLogging: can't turn off malloc stack logging because it was not enabled.
python(66343) MallocStackLogging: can't turn off malloc stack logging because it was not enabled.
python(66344) MallocStackLogging: can't turn off malloc stack logging because it was not enabled.
python(66345) MallocStackLogging: can't turn off malloc stack logging because it was not enabled.
python(66346) MallocStackLogging: can't turn off malloc stack logging because it was not enabled.
python(66347) MallocStackLogging: can't turn off malloc stack logging because it was not enabled.
python(66348) MallocStackLogging: can't turn off malloc stack logging because it was not enabled.
python(66359) MallocStackLogging: can't turn off malloc stack logging because it was not enabled.
python(66360) MallocStackLogging: can't turn off malloc stack logging because it was not enabled.
python(66361) MallocStackLogging: can't turn off malloc stack logging because it was not enabled.
python(66362) MallocStackLogging: can't turn off malloc stack logging because it was not enabled.
python(66363) MallocStackLogging: can't turn off malloc stack logging because it was not enabled.
python(66364) MallocStackLogging: can't turn off malloc stack logging because it was not enabled.
python(66365) MallocStackLogging: can't turn off malloc stack logging because it was not enabled.
python(66366) MallocStackLogging: can't turn off malloc stack logging because it was not enabled.
python(66368) MallocStackLogging: can't turn off malloc stack logging because it was not enabled.
python(66369) MallocStackLogging: can't turn off malloc stack logging because it was not enabled.
python(66370) MallocStackLogging: can't turn off malloc stack logging because it was not enabled.
python(66371) MallocStackLogging: can't turn off malloc stack logging because it was not enabled.
python(66372) MallocStackLogging: can't turn off malloc stack logging because it was not enabled.
python(66373) MallocStackLogging: can't turn off malloc stack logging because it was not enabled.
python(66374) MallocStackLogging: can't turn off malloc stack logging because it was not enabled.
python(66375) MallocStackLogging: can't turn off malloc stack logging because it was not enabled.
python(66392) MallocStackLogging: can't turn off malloc stack logging because it was not enabled.
python(66393) MallocStackLogging: can't turn off malloc stack logging because it was not enabled.
python(66394) MallocStackLogging: can't turn off malloc stack logging because it was not enabled.
python(66395) MallocStackLogging: can't turn off malloc stack logging because it was not enabled.
python(66396) MallocStackLogging: can't turn off malloc stack logging because it was not enabled.
python(66397) MallocStackLogging: can't turn off malloc stack logging because it was not enabled.
python(66398) MallocStackLogging: can't turn off malloc stack logging because it was not enabled.
python(66399) MallocStackLogging: can't turn off malloc stack logging because it was not enabled.
[gate] 7B sft_1_final released seed 1 T1 24/40 {'poly_diff': 20, 'expand2': 4}
python(66419) MallocStackLogging: can't turn off malloc stack logging because it was not enabled.
python(66420) MallocStackLogging: can't turn off malloc stack logging because it was not enabled.
python(66421) MallocStackLogging: can't turn off malloc stack logging because it was not enabled.
python(66422) MallocStackLogging: can't turn off malloc stack logging because it was not enabled.
python(66423) MallocStackLogging: can't turn off malloc stack logging because it was not enabled.
python(66424) MallocStackLogging: can't turn off malloc stack logging because it was not enabled.
python(66425) MallocStackLogging: can't turn off malloc stack logging because it was not enabled.
python(66426) MallocStackLogging: can't turn off malloc stack logging because it was not enabled.
python(66430) MallocStackLogging: can't turn off malloc stack logging because it was not enabled.
python(66431) MallocStackLogging: can't turn off malloc stack logging because it was not enabled.
python(66432) MallocStackLogging: can't turn off malloc stack logging because it was not enabled.
python(66433) MallocStackLogging: can't turn off malloc stack logging because it was not enabled.
python(66434) MallocStackLogging: can't turn off malloc stack logging because it was not enabled.
python(66435) MallocStackLogging: can't turn off malloc stack logging because it was not enabled.
python(66436) MallocStackLogging: can't turn off malloc stack logging because it was not enabled.
python(66437) MallocStackLogging: can't turn off malloc stack logging because it was not enabled.
python(66450) MallocStackLogging: can't turn off malloc stack logging because it was not enabled.
python(66451) MallocStackLogging: can't turn off malloc stack logging because it was not enabled.
python(66452) MallocStackLogging: can't turn off malloc stack logging because it was not enabled.
python(66453) MallocStackLogging: can't turn off malloc stack logging because it was not enabled.
python(66454) MallocStackLogging: can't turn off malloc stack logging because it was not enabled.
python(66455) MallocStackLogging: can't turn off malloc stack logging because it was not enabled.
python(66456) MallocStackLogging: can't turn off malloc stack logging because it was not enabled.
python(66457) MallocStackLogging: can't turn off malloc stack logging because it was not enabled.
python(66458) MallocStackLogging: can't turn off malloc stack logging because it was not enabled.
python(66459) MallocStackLogging: can't turn off malloc stack logging because it was not enabled.
python(66460) MallocStackLogging: can't turn off malloc stack logging because it was not enabled.
python(66461) MallocStackLogging: can't turn off malloc stack logging because it was not enabled.
python(66462) MallocStackLogging: can't turn off malloc stack logging because it was not enabled.
python(66463) MallocStackLogging: can't turn off malloc stack logging because it was not enabled.
python(66464) MallocStackLogging: can't turn off malloc stack logging because it was not enabled.
python(66465) MallocStackLogging: can't turn off malloc stack logging because it was not enabled.
python(66469) MallocStackLogging: can't turn off malloc stack logging because it was not enabled.
python(66470) MallocStackLogging: can't turn off malloc stack logging because it was not enabled.
python(66471) MallocStackLogging: can't turn off malloc stack logging because it was not enabled.
python(66472) MallocStackLogging: can't turn off malloc stack logging because it was not enabled.
python(66473) MallocStackLogging: can't turn off malloc stack logging because it was not enabled.
python(66474) MallocStackLogging: can't turn off malloc stack logging because it was not enabled.
python(66475) MallocStackLogging: can't turn off malloc stack logging because it was not enabled.
python(66476) MallocStackLogging: can't turn off malloc stack logging because it was not enabled.
[gate] 7B sft_1_final released seed 1 T2 30/40 {'prod_diff': 10, 'poly_int': 20}
python(66495) MallocStackLogging: can't turn off malloc stack logging because it was not enabled.
python(66496) MallocStackLogging: can't turn off malloc stack logging because it was not enabled.
python(66497) MallocStackLogging: can't turn off malloc stack logging because it was not enabled.
python(66498) MallocStackLogging: can't turn off malloc stack logging because it was not enabled.
python(66499) MallocStackLogging: can't turn off malloc stack logging because it was not enabled.
python(66500) MallocStackLogging: can't turn off malloc stack logging because it was not enabled.
python(66501) MallocStackLogging: can't turn off malloc stack logging because it was not enabled.
python(66502) MallocStackLogging: can't turn off malloc stack logging because it was not enabled.
python(66504) MallocStackLogging: can't turn off malloc stack logging because it was not enabled.
python(66505) MallocStackLogging: can't turn off malloc stack logging because it was not enabled.
python(66506) MallocStackLogging: can't turn off malloc stack logging because it was not enabled.
python(66507) MallocStackLogging: can't turn off malloc stack logging because it was not enabled.
python(66508) MallocStackLogging: can't turn off malloc stack logging because it was not enabled.
python(66509) MallocStackLogging: can't turn off malloc stack logging because it was not enabled.
python(66510) MallocStackLogging: can't turn off malloc stack logging because it was not enabled.
python(66511) MallocStackLogging: can't turn off malloc stack logging because it was not enabled.
python(66514) MallocStackLogging: can't turn off malloc stack logging because it was not enabled.
python(66515) MallocStackLogging: can't turn off malloc stack logging because it was not enabled.
python(66516) MallocStackLogging: can't turn off malloc stack logging because it was not enabled.
python(66517) MallocStackLogging: can't turn off malloc stack logging because it was not enabled.
python(66518) MallocStackLogging: can't turn off malloc stack logging because it was not enabled.
python(66519) MallocStackLogging: can't turn off malloc stack logging because it was not enabled.
python(66520) MallocStackLogging: can't turn off malloc stack logging because it was not enabled.
python(66521) MallocStackLogging: can't turn off malloc stack logging because it was not enabled.
python(66522) MallocStackLogging: can't turn off malloc stack logging because it was not enabled.
python(66523) MallocStackLogging: can't turn off malloc stack logging because it was not enabled.
python(66524) MallocStackLogging: can't turn off malloc stack logging because it was not enabled.
python(66525) MallocStackLogging: can't turn off malloc stack logging because it was not enabled.
python(66526) MallocStackLogging: can't turn off malloc stack logging because it was not enabled.
python(66527) MallocStackLogging: can't turn off malloc stack logging because it was not enabled.
python(66528) MallocStackLogging: can't turn off malloc stack logging because it was not enabled.
python(66529) MallocStackLogging: can't turn off malloc stack logging because it was not enabled.
python(66542) MallocStackLogging: can't turn off malloc stack logging because it was not enabled.
python(66543) MallocStackLogging: can't turn off malloc stack logging because it was not enabled.
python(66544) MallocStackLogging: can't turn off malloc stack logging because it was not enabled.
python(66545) MallocStackLogging: can't turn off malloc stack logging because it was not enabled.
python(66546) MallocStackLogging: can't turn off malloc stack logging because it was not enabled.
python(66547) MallocStackLogging: can't turn off malloc stack logging because it was not enabled.
python(66548) MallocStackLogging: can't turn off malloc stack logging because it was not enabled.
python(66549) MallocStackLogging: can't turn off malloc stack logging because it was not enabled.
[gate] 7B sft_1_final released seed 1 T4 21/40 {'second_diff': 2, 'xexp_int': 19}
python(66551) MallocStackLogging: can't turn off malloc stack logging because it was not enabled.
{
 "timing": {
  "download_pretrain_100000": 847.3,
  "pair_pretrain_100000->pretrain_200000": 863.6,
  "pair_pretrain_200000->pretrain_300000": 895.9,
  "pair_pretrain_300000->pretrain_400000": 890.4,
  "pair_pretrain_400000->pretrain_500000": 885.4,
  "pair_pretrain_500000->pretrain_600000": 896.9,
  "pair_pretrain_600000->pretrain_700000": 914.1,
  "pair_pretrain_700000->pretrain_800000": 871.5,
  "pair_pretrain_800000->pretrain_900000": 878.7,
  "pair_pretrain_900000->pretrain_1000000": 894.4,
  "pair_pretrain_1000000->pretrain_1100000": 841.7,
  "pair_pretrain_100000->pretrain_1100000": 1733.4,
  "gate_pretrain_1100000": 489.1,
  "pair_pretrain_1100000->mid_1_final": 1676.1,
  "gate_mid_1_final": 501.7,
  "pair_mid_1_final->mid_2_final": 1672.0,
  "gate_mid_2_final": 500.2,
  "pair_mid_2_final->mid_3_final": 1673.1,
  "gate_mid_3_final": 488.4,
  "pair_mid_3_final->mid_4_final": 1675.8,
  "gate_mid_4_final": 489.8,
  "pair_mid_4_final->sft_1_final": 1671.6,
  "gate_sft_1_final": 480.1
 },
 "wall": 22786.8,
 "peak_rss_gb": 28.963405824
}
