{
  "raw": 0.8080000281333923,
  "canonical": 0.8240000009536743,
  "augmented": 0.8840000033378601
}